tic,revtq,cogsq,niq,oiadpq,atq,actq,lctq,ceqq,dlttq,cheq,cshoq
ABT,10358000000.0,4468000000.0,1325000000.0,1693000000.0,81448000000,23153000000.0,13004000000.0,48811000000.0,12736000000.0,6532000000.0,
PNW,1032280000.0,,,57222000.0,27236478000,1589330000.0,3168006000.0,6738508000.0,8060736000.0,10047000.0,
AMD,7438000000.0,3702000000.0,709000000.0,806000000.0,71550000000,21595000000.0,7703000000.0,57881000000.0,3217000000.0,6049000000.0,1616000000.0
APD,2916200000.0,2053900000.0,-1730600000.0,-2328000000.0,38872900000,5187600000.0,5210600000.0,14703400000.0,,1491400000.0,
SWKS,953200000.0,561600000.0,68700000.0,97300000.0,7885700000,3035500000.0,613200000.0,5940300000.0,995100000.0,1387800000.0,153600000.0
HON,8925000000.0,6037000000.0,1449000000.0,2258000000.0,75218000000,27645000000.0,22071000000.0,17463000000.0,27076000000.0,9657000000.0,642700000.0
AEP,5631600000.0,,,1284200000.0,104394600000,5936900000.0,14242300000.0,27320700000.0,38810900000.0,256800000.0,
AXP,9626000000.0,,2584000000.0,,282244000000,,,31202000000.0,51236000000.0,,701000000.0
AFL,3398000000.0,,29000000.0,,120258000000,,,26338000000.0,,5231000000.0,542493000.0
AME,1731971000.0,1106971000.0,351758000.0,454829000.0,14877096000,2760796000.0,1962559000.0,9969946000.0,1459445000.0,399001000.0,
AIG,6783000000.0,,698000000.0,,161864000000,,,41431000000.0,,,580400000.0
AMGN,8149000000.0,2968000000.0,1730000000.0,1178000000.0,89367000000,26929000000.0,23008000000.0,6207000000.0,54013000000.0,8810000000.0,537700000.0
APA,,,,865000000.0,18531000000,2444000000.0,2761000000.0,5436000000.0,,67000000.0,
ADI,2423174000.0,992871000.0,391316000.0,491313000.0,47967546000,5733076000.0,2970996000.0,35070535000.0,6618556000.0,2349994000.0,495976483.0
AAPL,95359000000.0,50492000000.0,24780000000.0,29589000000.0,331233000000,118674000000.0,144571000000.0,66796000000.0,78566000000.0,28162000000.0,14939315000.0
ADM,6146000000.0,18995000000.0,295000000.0,,53402000000,27882000000.0,20171000000.0,,7596000000.0,864000000.0,
AMAT,7166000000.0,3670000000.0,1185000000.0,2175000000.0,33338000000,20694000000.0,7736000000.0,18625000000.0,5461000000.0,6264000000.0,
AVY,2148300000.0,1526800000.0,166300000.0,,8354700000,3030400000.0,2952800000.0,2170500000.0,,195900000.0,78552144.0
ADP,5553000000.0,2904200000.0,1249500000.0,,56448600000,46536800000.0,45845400000.0,5855300000.0,2982500000.0,2680600000.0,406300000.0
ADSK,,,,,10833000000,3482000000.0,5151000000.0,2621000000.0,2300000000.0,1599000000.0,214000000.0
BALL,,,,,18039000000,5040000000.0,4845000000.0,5501000000.0,,449000000.0,
BAX,2625000000.0,1764000000.0,126000000.0,58000000.0,21304000000,7035000000.0,3481000000.0,7081000000.0,,2294000000.0,
BDX,5272000000.0,3015000000.0,308000000.0,546000000.0,54467000000,8666000000.0,7691000000.0,25241000000.0,17666000000.0,667000000.0,
BK,,,1220000000.0,,440691000000,,,43119000000.0,30869000000.0,5354000000.0,
BRK.B,59357000000.0,,4603000000.0,,1164532000000,,,654471000000.0,,,
VZ,33485000000.0,,4879000000.0,7978000000.0,380364000000,37353000000.0,61066000000.0,,,2257000000.0,
BBY,,,,,14782000000,8224000000.0,8016000000.0,2808000000.0,1144000000.0,1578000000.0,211400000.0
BA,19496000000.0,17079000000.0,-37000000.0,461000000.0,156494000000,127662000000.0,103654000000.0,-3325000000.0,53394000000.0,10142000000.0,
CI,65502000000.0,48398000000.0,,1971000000.0,150658000000,43555000000.0,55745000000.0,40226000000.0,,8334000000.0,
BMY,11201000000.0,3033000000.0,2456000000.0,,92427000000,30783000000.0,24070000000.0,17389000000.0,46157000000.0,10875000000.0,
BF.B,1035000000.0,416000000.0,270000000.0,280000000.0,8071000000,4279000000.0,1227000000.0,3823000000.0,2361000000.0,599000000.0,
CSX,3423000000.0,,646000000.0,1041000000.0,43199000000,3020000000.0,3421000000.0,,,,
CAH,54878000000.0,52755000000.0,506000000.0,730000000.0,49871000000,34595000000.0,36662000000.0,-2948000000.0,,3326000000.0,
CASY,3903633000.0,,87097000.0,,8220178000,1099656000.0,1195638000.0,3417316000.0,2439038000.0,394815000.0,
STZ,2164200000.0,,-375300000.0,,21652300000,3716400000.0,4035200000.0,6882000000.0,9289000000.0,68100000.0,
CPB,2685000000.0,1866000000.0,173000000.0,327000000.0,15910000000,3181000000.0,3413000000.0,3910000000.0,,829000000.0,
CAT,14249000000.0,27000000.0,,2579000000.0,84974000000,43019000000.0,32595000000.0,,,3562000000.0,471000000.0
JPM,,,14643000000.0,,4357856000000,,,351420000000.0,,,
CVX,46101000000.0,28610000000.0,3500000000.0,,256397000000,38574000000.0,35702000000.0,149244000000.0,,,
CHD,1467100000.0,807500000.0,220100000.0,295300000.0,8955900000,2358800000.0,1208000000.0,4551000000.0,2205200000.0,1074500000.0,
CTAS,2609159000.0,1289818000.0,463497000.0,609853000.0,9611136000,3341428000.0,1941146000.0,4592248000.0,2027477000.0,243428000.0,403669000.0
CLX,1668000000.0,924000000.0,186000000.0,,5512000000,1590000000.0,2155000000.0,27000000.0,2483000000.0,226000000.0,123251595.0
CL,4911000000.0,1924000000.0,690000000.0,1076000000.0,16647000000,5814000000.0,6861000000.0,363000000.0,6571000000.0,1112000000.0,
KO,11129000000.0,4163000000.0,3330000000.0,3659000000.0,101716000000,26178000000.0,23808000000.0,26202000000.0,,8417000000.0,
AON,4729000000.0,,965000000.0,1461000000.0,50304000000,24414000000.0,23333000000.0,7004000000.0,16284000000.0,964000000.0,
CMCSA,29887000000.0,,3375000000.0,5658000000.0,267770000000,27314000000.0,42325000000.0,86638000000.0,,8593000000.0,
C,21596000000.0,,4064000000.0,,2571514000000,,,212408000000.0,295684000000.0,,
CAG,2841000000.0,2130700000.0,145100000.0,239400000.0,20744500000,2965600000.0,4303700000.0,8779100000.0,7270000000.0,49400000.0,
ED,4887000000.0,,791000000.0,1125000000.0,70691000000,6133000000.0,4780000000.0,23783000000.0,,360000000.0,
CMS,2398000000.0,,304000000.0,494000000.0,36295000000,2782000000.0,2627000000.0,8335000000.0,16148000000.0,465000000.0,299100000.0
COO,964700000.0,304500000.0,104300000.0,182000000.0,12222200000,1987000000.0,999600000.0,8127300000.0,2489100000.0,100900000.0,199900000.0
TAP,2690200000.0,1453200000.0,121000000.0,186300000.0,25930500000,2563600000.0,2865800000.0,13090300000.0,6154600000.0,412700000.0,
CMI,8174000000.0,6019000000.0,,1134000000.0,32531000000,15540000000.0,11575000000.0,10924000000.0,,1532000000.0,
GLW,3452000000.0,2238000000.0,157000000.0,445000000.0,27394000000,7644000000.0,4523000000.0,10716000000.0,,,
DHR,5741000000.0,2230000000.0,954000000.0,1274000000.0,79116000000,9525000000.0,6645000000.0,50849000000.0,15976000000.0,,715600000.0
TGT,,,1103000000.0,,57769000000,19454000000.0,20799000000.0,14666000000.0,13904000000.0,,455566995.0
DAL,14040000000.0,,240000000.0,569000000.0,77342000000,11236000000.0,29699000000.0,15447000000.0,12432000000.0,3711000000.0,
DE,8508000000.0,,869000000.0,,103119000000,,,22479000000.0,,6601000000.0,
DTE,,,445000000.0,624000000.0,49555000000,3617000000.0,4152000000.0,11921000000.0,,33000000.0,207515682.0
DIS,23621000000.0,,3275000000.0,4436000000.0,195833000000,22735000000.0,34029000000.0,104339000000.0,36443000000.0,5852000000.0,
DG,,,,,31132733000,8163925000.0,6868702000.0,7413707000.0,,932576000.0,219939000.0
DD,1612000000.0,1069000000.0,-589000000.0,,35981000000,6464000000.0,4632000000.0,22834000000.0,,1762000000.0,
DOV,1866059000.0,1120559000.0,230821000.0,296309000.0,12648548000,4553630000.0,2138933000.0,7137767000.0,2572540000.0,,
D,4085000000.0,,665000000.0,1223000000.0,104555000000,6406000000.0,8778000000.0,27365000000.0,,355000000.0,853000000.0
OMC,3690400000.0,3060900000.0,287700000.0,452600000.0,28113700000,14635300000.0,14545400000.0,4373200000.0,,,
DUK,,,1379000000.0,2343000000.0,187476000000,12775000000.0,16625000000.0,50670000000.0,79700000000.0,475000000.0,777000000.0
RVTY,664762000.0,289216000.0,42237000.0,72230000.0,12360724000,2317938000.0,648187000.0,7637130000.0,3168384000.0,1137620000.0,119409000.0
ETN,6377000000.0,3930000000.0,964000000.0,,39206000000,12434000000.0,9522000000.0,18506000000.0,9275000000.0,1777000000.0,391300000.0
ECL,3695000000.0,2060200000.0,402500000.0,555300000.0,22366400000,6081100000.0,4609200000.0,8875800000.0,,1162600000.0,283500000.0
EMR,4432000000.0,2061000000.0,485000000.0,,41978000000,8627000000.0,10846000000.0,19249000000.0,8176000000.0,,562500000.0
EFX,1442000000.0,,133100000.0,235800000.0,11854800000,1475700000.0,1730900000.0,4981200000.0,4324400000.0,195200000.0,124200000.0
ATO,1950502000.0,779233000.0,485576000.0,628939000.0,26980381000,1591283000.0,1198509000.0,13137965000.0,,543504000.0,158835123.0
EXPD,2666419000.0,,203795000.0,265858000.0,4756650000,3640604000.0,1990244000.0,2285791000.0,,1318520000.0,136733000.0
XOM,83130000000.0,,7713000000.0,,451908000000,91233000000.0,73829000000.0,262720000000.0,,17036000000.0,4310000000.0
EQT,1739850000.0,378209000.0,242139000.0,496250000.0,39703364000,1739099000.0,3062273000.0,20717880000.0,8107783000.0,281764000.0,
NEE,,,833000000.0,2256000000.0,194264000000,12648000000.0,22861000000.0,49812000000.0,79814000000.0,2419000000.0,2059000000.0
FRT,309154000.0,,63768000.0,108133000.0,8621850000,,,3191881000.0,,109224000.0,86255005.0
FDX,22160000000.0,,909000000.0,1292000000.0,85043000000,17214000000.0,13896000000.0,26708000000.0,,5135000000.0,
FITB,,,515000000.0,,212669000000,,,20403000000.0,14539000000.0,,667272067.0
RF,,,490000000.0,,159846000000,,,18530000000.0,6019000000.0,,
F,40659000000.0,35188000000.0,471000000.0,319000000.0,284539000000,123054000000.0,108732000000.0,44635000000.0,,20864000000.0,
MTB,397000000.0,,584000000.0,,210321000000,,,28991000000.0,10496000000.0,,
USB,6958000000.0,,1709000000.0,,676489000000,,,60096000000.0,,,
BEN,2111400000.0,,151400000.0,145600000.0,31989800000,,,12346000000.0,2671300000.0,,525404160.0
GD,12223000000.0,,994000000.0,1268000000.0,56580000000,25117000000.0,18760000000.0,22225000000.0,7260000000.0,1242000000.0,
AJG,3727400000.0,,704400000.0,,74095700000,53439100000.0,37036000000.0,22320100000.0,12419800000.0,,256100000.0
GE,9935000000.0,,1978000000.0,,124123000000,37575000000.0,34941000000.0,19251000000.0,,,1066386643.0
GIS,4842200000.0,3203100000.0,625600000.0,891400000.0,32706200000,5256000000.0,7876200000.0,9263200000.0,,521300000.0,
GPC,5866069000.0,3692385000.0,194392000.0,,19817205000,10214388000.0,8885200000.0,4449933000.0,3775858000.0,,138788979.0
GM,39861000000.0,,2784000000.0,3352000000.0,282104000000,110006000000.0,90747000000.0,64372000000.0,,20570000000.0,966000000.0
GWW,4306000000.0,2596000000.0,479000000.0,672000000.0,8658000000,5530000000.0,2017000000.0,3480000000.0,2278000000.0,666000000.0,
HAL,,,204000000.0,431000000.0,25179000000,11529000000.0,5823000000.0,10367000000.0,,,
LHX,5132000000.0,3782000000.0,386000000.0,525000000.0,41248000000,7596000000.0,7449000000.0,19131000000.0,10977000000.0,517000000.0,187593750.0
HAS,887100000.0,204500000.0,98600000.0,170700000.0,6040000000,1912800000.0,1156000000.0,,3331500000.0,,
WELL,1864530000.0,1462390000.0,,,53293614000,,,33956759000.0,15723857000.0,3501851000.0,651889055.0
KHC,,3935000000.0,712000000.0,1196000000.0,90274000000,9458000000.0,7235000000.0,49460000000.0,,2113000000.0,1190000000.0
HSY,2805419000.0,1861152000.0,224203000.0,369221000.0,13967764000,4804136000.0,3016145000.0,,5177251000.0,,
HLT,2695000000.0,,300000000.0,536000000.0,16043000000,2764000000.0,4835000000.0,-4378000000.0,,731000000.0,238784867.0
HPQ,13504000000.0,10664000000.0,565000000.0,845000000.0,38930000000,19834000000.0,27434000000.0,-1072000000.0,8273000000.0,2880000000.0,945000000.0
HD,,,,,96119000000,31683000000.0,28661000000.0,6640000000.0,51365000000.0,1659000000.0,994000000.0
HRL,,2513581000.0,170575000.0,228330000.0,13403483000,3266068000.0,1331810000.0,8028342000.0,2850206000.0,840398000.0,
CNP,2956000000.0,1000000.0,297000000.0,649000000.0,44486000000,4136000000.0,4441000000.0,10955000000.0,20362000000.0,1254000000.0,652726754.0
JBHT,,,117740000.0,178680000.0,8255673000,1670559000.0,1874375000.0,3866673000.0,880243000.0,43407000.0,
HUBB,1365200000.0,922600000.0,163200000.0,239000000.0,6922100000,2261800000.0,1938300000.0,3261400000.0,1044000000.0,346900000.0,
HBAN,351000000.0,,527000000.0,,209596000000,,,20434000000.0,18096000000.0,,1456811621.0
ITW,3839000000.0,2161000000.0,,951000000.0,15468000000,6037000000.0,3780000000.0,,7282000000.0,873000000.0,293000000.0
TT,4688500000.0,3011000000.0,604900000.0,818900000.0,20117400000,6934300000.0,6367200000.0,7491000000.0,3919600000.0,,
INTC,12667000000.0,7995000000.0,-821000000.0,-301000000.0,192242000000,42134000000.0,32174000000.0,99756000000.0,44911000000.0,,
IBM,14541000000.0,6510000000.0,1055000000.0,,145667000000,35336000000.0,35106000000.0,26880000000.0,56371000000.0,11035000000.0,
IFF,2843000000.0,1808000000.0,-1018000000.0,-903000000.0,28265000000,8633000000.0,4607000000.0,13177000000.0,7601000000.0,613000000.0,255700000.0
IP,5264000000.0,4259000000.0,-105000000.0,,41168000000,9288000000.0,6988000000.0,18092000000.0,,1156000000.0,627000000.0
J,,2172070000.0,5612000.0,208648000.0,11210695000,4444185000.0,2959460000.0,3864444000.0,2633620000.0,1204649000.0,120379245.0
EME,3867372000.0,3144654000.0,240677000.0,318756000.0,8078872000,4910984000.0,4222262000.0,2949957000.0,,576702000.0,45330671.0
JNJ,21893000000.0,7357000000.0,10999000000.0,,193671000000,71551000000.0,56903000000.0,78109000000.0,38355000000.0,38474000000.0,
KLAC,3063029000.0,1175689000.0,1088416000.0,,15188307000,9945019000.0,3909929000.0,4004739000.0,5883322000.0,1858022000.0,
JCI,5676000000.0,3607000000.0,478000000.0,,42367000000,11350000000.0,11817000000.0,15805000000.0,,795000000.0,
EVRG,1294500000.0,,125000000.0,291600000.0,32454200000,1834400000.0,3314400000.0,9930600000.0,12405500000.0,35300000.0,
KMI,3862000000.0,,717000000.0,1145000000.0,72318000000,2579000000.0,5778000000.0,30605000000.0,29965000000.0,80000000.0,2222058215.0
KMB,4054000000.0,3107000000.0,567000000.0,769000000.0,16305000000,5281000000.0,6921000000.0,1101000000.0,,563000000.0,331900000.0
KR,,,,,52616000000,15273000000.0,15940000000.0,8285000000.0,15805000000.0,3959000000.0,
LRCX,4720175000.0,2406489000.0,1330667000.0,1561759000.0,19968310000,13460322000.0,5489845000.0,9511105000.0,,5450718000.0,1282957000.0
LEN,7631545000.0,,519526000.0,,34986103000,,,22728038000.0,,,
LLY,12728500000.0,2224200000.0,2759300000.0,,89388800000,41261200000.0,30068100000.0,15764800000.0,34499500000.0,3093300000.0,
LMT,17963000000.0,15640000000.0,1712000000.0,2372000000.0,56669000000,22801000000.0,21187000000.0,6683000000.0,18661000000.0,1803000000.0,
L,846000000.0,,370000000.0,,83142000000,,,17191000000.0,,,
LOW,,,,,43102000000,20358000000.0,18757000000.0,-14231000000.0,35319000000.0,1761000000.0,560000000.0
HST,1594000000.0,,248000000.0,285000000.0,12947000000,,,6650000000.0,,428000000.0,693700000.0
MAS,1801000000.0,1157000000.0,186000000.0,286000000.0,5107000000,2798000000.0,1603000000.0,-254000000.0,2945000000.0,377000000.0,210900000.0
MKC,1605500000.0,1001500000.0,162300000.0,225200000.0,12899800000,2012700000.0,3101900000.0,5423000000.0,3095700000.0,102800000.0,
MRSH,7061000000.0,,1381000000.0,2005000000.0,57015000000,22461000000.0,19775000000.0,,18862000000.0,1604000000.0,493000000.0
MCD,5956000000.0,620000000.0,1868000000.0,2648000000.0,56329000000,4735000000.0,4008000000.0,-3454000000.0,38845000000.0,1238000000.0,
SPGI,3777000000.0,1153000000.0,1090000000.0,1578000000.0,59889000000,5340000000.0,5920000000.0,33371000000.0,11388000000.0,1469000000.0,306700000.0
MDT,8292000000.0,2779000000.0,1294000000.0,1646000000.0,89973000000,22513000000.0,11840000000.0,49387000000.0,,1240000000.0,1283266154.0
MCK,,,,,75140000000,55398000000.0,61604000000.0,-2074000000.0,5654000000.0,5691000000.0,
CVS,94588000000.0,51057000000.0,1779000000.0,3374000000.0,255585000000,73191000000.0,88961000000.0,76929000000.0,,10076000000.0,1262000000.0
MU,8053000000.0,5090000000.0,1583000000.0,1773000000.0,73053000000,24689000000.0,7877000000.0,48633000000.0,11541000000.0,7552000000.0,1118000000.0
MRK,15529000000.0,3419000000.0,5079000000.0,,115122000000,35503000000.0,25174000000.0,48335000000.0,33484000000.0,8629000000.0,
ETR,2846874000.0,,,700104000.0,66620409000,5112388000.0,6200255000.0,15185311000.0,28264879000.0,1513410000.0,
MMM,5954000000.0,3478000000.0,1116000000.0,1246000000.0,39951000000,15657000000.0,9451000000.0,4464000000.0,12307000000.0,,538181362.0
VTRS,3243200000.0,2093100000.0,,-2882200000.0,38474900000,9622400000.0,5720100000.0,,14177500000.0,755000000.0,
MSI,2528000000.0,1228000000.0,430000000.0,582000000.0,14433000000,5899000000.0,4922000000.0,1641000000.0,5677000000.0,1564000000.0,166900000.0
BAC,27366000000.0,,7396000000.0,,3349424000000,,,295581000000.0,304146000000.0,,7560084716.0
NEM,5010000000.0,,1891000000.0,,55519000000,10740000000.0,5426000000.0,31248000000.0,7507000000.0,4698000000.0,
NKE,11269000000.0,6594000000.0,794000000.0,,37793000000,24609000000.0,11223000000.0,14007000000.0,7956000000.0,8601000000.0,
NDSN,615420000.0,279524000.0,94652000.0,140947000.0,5871526000,1226024000.0,484067000.0,2876611000.0,2085177000.0,130424000.0,
NSC,2993000000.0,,750000000.0,1146000000.0,43800000000,2701000000.0,3450000000.0,14511000000.0,,1006000000.0,225443501.0
ES,4118355000.0,,,926394000.0,60194678000,4912023000.0,6516940000.0,15341257000.0,26248781000.0,111362000.0,367307083.0
XEL,,,483000000.0,677000000.0,72749000000,5368000000.0,6741000000.0,19804000000.0,30499000000.0,1123000000.0,576547051.0
NI,2149500000.0,,474800000.0,759400000.0,33105100000,2184600000.0,4241900000.0,8896800000.0,,259400000.0,470618000.0
NTRS,1213800000.0,,392000000.0,,165071200000,,,12878500000.0,,,194538575.0
NOC,9468000000.0,,481000000.0,573000000.0,48468000000,13267000000.0,13969000000.0,14984000000.0,14167000000.0,1685000000.0,144071022.0
WFC,,,4894000000.0,,1950311000000,,,181090000000.0,173660000000.0,,3261700000.0
NUE,7830000000.0,7225000000.0,156000000.0,,34699000000,12760000000.0,5059000000.0,20069000000.0,,3156000000.0,
OXY,6911000000.0,801000000.0,,,84967000000,9716000000.0,9623000000.0,34712000000.0,24037000000.0,2612000000.0,942049921.0
FE,3765000000.0,,360000000.0,754000000.0,52771000000,2959000000.0,7114000000.0,12567000000.0,,132000000.0,577156244.0
OKE,8043000000.0,5655000000.0,636000000.0,1220000000.0,64263000000,4116000000.0,6183000000.0,21364000000.0,29781000000.0,141000000.0,624626545.0
PNC,5452000000.0,,,,554722000000,,,56405000000.0,60722000000.0,,
PCAR,7441700000.0,5891000000.0,505100000.0,,42724700000,,,18022100000.0,,,
PPG,3684000000.0,2142000000.0,373000000.0,607000000.0,21140000000,7901000000.0,5837000000.0,6927000000.0,5574000000.0,1830000000.0,
PCG,5983000000.0,,,1220000000.0,135443000000,16893000000.0,17822000000.0,30685000000.0,52659000000.0,2023000000.0,2197685013.0
SRE,3681000000.0,,917000000.0,,99010000000,5665000000.0,9934000000.0,31643000000.0,,1739000000.0,651930398.0
PH,4960349000.0,3129951000.0,,1108313000.0,28917808000,6777140000.0,5614466000.0,13390974000.0,,408735000.0,
PAYX,1466100000.0,387400000.0,519300000.0,691800000.0,11221600000,8077000000.0,5799700000.0,4116600000.0,799000000.0,1563800000.0,360200000.0
PPL,2545000000.0,,414000000.0,678000000.0,41809000000,3096000000.0,3827000000.0,,15938000000.0,312000000.0,739066000.0
PNR,1010400000.0,607100000.0,154900000.0,203100000.0,6747200000,1727100000.0,912700000.0,,1835700000.0,140600000.0,
PFE,13715000000.0,2845000000.0,2967000000.0,,208028000000,45861000000.0,36452000000.0,90338000000.0,57639000000.0,1430000000.0,
PEP,17919000000.0,7926000000.0,1834000000.0,2583000000.0,101737000000,26288000000.0,31511000000.0,18389000000.0,,8268000000.0,
PG,19776000000.0,9694000000.0,3769000000.0,4558000000.0,122984000000,24435000000.0,34248000000.0,,24252000000.0,,
EXC,6714000000.0,,,1536000000.0,109484000000,8799000000.0,8103000000.0,27607000000.0,45342000000.0,1004000000.0,1009000000.0
MO,5259000000.0,1270000000.0,1077000000.0,1788000000.0,35760000000,6080000000.0,10655000000.0,-3510000000.0,23428000000.0,4726000000.0,
COP,14479000000.0,6188000000.0,2849000000.0,,124254000000,16906000000.0,13329000000.0,65238000000.0,,6309000000.0,
PEG,3222000000.0,,589000000.0,797000000.0,55575000000,4799000000.0,5819000000.0,,20398000000.0,894000000.0,
PHM,3892650000.0,2770070000.0,522799000.0,,17336546000,,,12300972000.0,,1235666000.0,
ROK,2001000000.0,1191000000.0,252000000.0,,10993000000,3770000000.0,3584000000.0,3439000000.0,2568000000.0,450000000.0,
RJF,3845000000.0,,495000000.0,,83132000000,,,12212000000.0,,9662000000.0,203100000.0
ROL,822504000.0,,105248000.0,142648000.0,2948558000,555971000.0,636819000.0,1355752000.0,485451000.0,201177000.0,484619254.0
ROST,,,,,14905332000,7538696000.0,4661825000.0,5509195000.0,1515080000.0,4730744000.0,328813000.0
SLB,8490000000.0,,797000000.0,,49002000000,18595000000.0,15036000000.0,19515000000.0,10527000000.0,,
AOS,963900000.0,588500000.0,136600000.0,184000000.0,3267700000,1422100000.0,882100000.0,1855100000.0,259800000.0,173000000.0,
SHW,5305700000.0,2746600000.0,503900000.0,,24636100000,6039700000.0,7876700000.0,4130100000.0,7827100000.0,199800000.0,250600000.0
SJM,,1307900000.0,-662300000.0,-594000000.0,18425600000,1975300000.0,3289400000.0,6907300000.0,6385500000.0,,106400000.0
SNA,1133300000.0,,240500000.0,313400000.0,8069000000,4141400000.0,999900000.0,5520800000.0,1185700000.0,1434900000.0,
EIX,3811000000.0,,1436000000.0,2134000000.0,88420000000,7427000000.0,7769000000.0,16622000000.0,35387000000.0,1318000000.0,384763662.0
SO,7775000000.0,,,2010000000.0,148109000000,11817000000.0,13770000000.0,,,2327000000.0,
KEY,411000000.0,,405000000.0,,188691000000,,,19003000000.0,12392000000.0,,
LUV,6428000000.0,,-149000000.0,-223000000.0,33212000000,10734000000.0,13901000000.0,9365000000.0,,8134000000.0,
PSA,1183184000.0,,407791000.0,,19615446000,,,9566256000.0,9424558000.0,287177000.0,
T,30626000000.0,,4351000000.0,5754000000.0,397467000000,33780000000.0,47999000000.0,,,6885000000.0,
STT,3284000000.0,,644000000.0,,372693000000,,,26692000000.0,,,288676229.0
SWK,3744600000.0,2623800000.0,90400000.0,,22496200000,7009100000.0,6348700000.0,8841600000.0,4755200000.0,344800000.0,
SYK,5866000000.0,2122000000.0,654000000.0,837000000.0,46006000000,13022000000.0,7929000000.0,,14383000000.0,2320000000.0,
SYY,19598000000.0,16017000000.0,401000000.0,681000000.0,26347000000,12282000000.0,9735000000.0,1922000000.0,,1527000000.0,
TPL,195983000.0,,120652000.0,150073000.0,1353292000,606920000.0,77858000.0,1206257000.0,,460379000.0,22987245.0
TXN,4069000000.0,1756000000.0,1179000000.0,1324000000.0,33757000000,13086000000.0,2489000000.0,16406000000.0,12848000000.0,2763000000.0,
TXT,3306000000.0,,207000000.0,,16942000000,,,7275000000.0,,,180578000.0
TER,685680000.0,270344000.0,98896000.0,120803000.0,3705837000,1755601000.0,649066000.0,2797499000.0,,475632000.0,160674000.0
TMO,10364000000.0,,,1716000000.0,99041000000,23378000000.0,13174000000.0,49390000000.0,33989000000.0,4134000000.0,
TYL,565165000.0,298084000.0,81052000.0,89173000.0,5192134000,1466938000.0,1561300000.0,3512704000.0,598366000.0,705729000.0,48147969.0
GL,1480422000.0,,254563000.0,,29705259000,,,5425416000.0,2324945000.0,,97218183.0
TSN,13074000000.0,12474000000.0,7000000.0,100000000.0,36280000000,9168000000.0,5494000000.0,18400000000.0,,992000000.0,
AEE,2097000000.0,,,430000000.0,45665000000,2455000000.0,2863000000.0,12219000000.0,18354000000.0,23000000.0,270300000.0
UAL,13213000000.0,,387000000.0,607000000.0,76111000000,20148000000.0,25798000000.0,12616000000.0,,9370000000.0,327494648.0
UNP,6027000000.0,,1626000000.0,2371000000.0,68492000000,4539000000.0,6222000000.0,16039000000.0,,1411000000.0,598992024.0
UDR,2112000.0,,76720000.0,122195000.0,10745412000,,,3331044000.0,5811209000.0,1250000.0,331174564.0
UNH,109575000000.0,12390000000.0,6292000000.0,9119000000.0,309790000000,96285000000.0,113471000000.0,,71285000000.0,30717000000.0,910000000.0
UPS,21546000000.0,,1187000000.0,1666000000.0,68466000000,17090000000.0,15660000000.0,15660000000.0,,4802000000.0,
RTX,20306000000.0,,1535000000.0,2035000000.0,164864000000,52916000000.0,52624000000.0,61516000000.0,,5157000000.0,
UHS,4099720000.0,,316680000.0,454825000.0,14875430000,3077374000.0,2330252000.0,6785604000.0,4609272000.0,126753000.0,
VMC,1634600000.0,1269300000.0,128900000.0,226400000.0,16712100000,1925900000.0,796900000.0,8134100000.0,4907900000.0,181300000.0,132100000.0
WMT,,,,,260823000000,79458000000.0,96584000000.0,91013000000.0,33401000000.0,9037000000.0,
WST,698000000.0,466100000.0,89800000.0,107000000.0,3618200000,1457500000.0,526700000.0,2683100000.0,202600000.0,404200000.0,71800000.0
WDC,2294000000.0,1382000000.0,520000000.0,760000000.0,16368000000,8086000000.0,5182000000.0,5177000000.0,4907000000.0,3477000000.0,349000000.0
WY,1763000000.0,1428000000.0,83000000.0,179000000.0,16520000000,1771000000.0,868000000.0,9645000000.0,5017000000.0,560000000.0,725671000.0
WMB,4187000000.0,,691000000.0,1094000000.0,54924000000,2535000000.0,6266000000.0,12487000000.0,,,
WEC,3149500000.0,1165700000.0,,937500000.0,48232100000,2943300000.0,5862900000.0,,16161800000.0,82200000.0,319133501.0
WSM,,,,,5301607000,2754609000.0,1911974000.0,2142419000.0,,1212977000.0,123125000.0
LNT,1128000000.0,158000000.0,213000000.0,257000000.0,22851000000,969000000.0,2888000000.0,7093000000.0,8580000000.0,25000000.0,256876299.0
TJX,,,,,31749000000,12991000000.0,11008000000.0,8393000000.0,2866000000.0,5335000000.0,1119333622.0
JKHY,585087000.0,340586000.0,111108000.0,138740000.0,2932018000,593236000.0,435624000.0,2036431000.0,80000000.0,39870000.0,
TFC,,,,,535899000000,,,,32030000000.0,,1309539000.0
MS,,,4315000000.0,,1300296000000,,,106812000000.0,296997000000.0,90739000000.0,1606806297.0
TROW,1763900000.0,,490500000.0,596300000.0,13993700000,,,10394700000.0,,2836700000.0,
MSFT,70066000000.0,21919000000.0,25824000000.0,32000000000.0,562624000000,156644000000.0,114206000000.0,321891000000.0,39882000000.0,28828000000.0,7434000000.0
ORCL,14130000000.0,,2936000000.0,4358000000.0,161378000000,30116000000.0,29623000000.0,16730000000.0,,17406000000.0,2803000000.0
NVR,2403032000.0,,299576000.0,,6195533000,,,3954664000.0,,,
IT,1534130000.0,475030000.0,210939000.0,278032000.0,8479761000,4131954000.0,3791695000.0,1497854000.0,2460949000.0,2091048000.0,
ADBE,5714000000.0,622000000.0,1811000000.0,2163000000.0,29955000000,10855000000.0,9163000000.0,13095000000.0,6155000000.0,6758000000.0,435000000.0
FISV,5130000000.0,,851000000.0,1395000000.0,80402000000,25591000000.0,23293000000.0,25884000000.0,,1177000000.0,
DOC,148927000.0,273143000.0,42828000.0,,19815729000,,,8188047000.0,8876665000.0,70625000.0,698611840.0
CDNS,1242366000.0,,273579000.0,361520000.0,9013486000,3998087000.0,1300767000.0,4776257000.0,,2777674000.0,
PSKY,0.0,,0.0,0.0,0,0.0,0.0,0.0,,,1000.0
PGR,20409000000.0,,2567000000.0,,111409000000,,,28954000000.0,,,
CCL,5810000000.0,3766000000.0,-78000000.0,543000000.0,48535000000,2977000000.0,11578000000.0,9182000000.0,25487000000.0,833000000.0,
ZTS,2220000000.0,622000000.0,631000000.0,,14098000000,5877000000.0,3385000000.0,4655000000.0,5227000000.0,1721000000.0,446040205.0
FICO,498735000.0,87630000.0,162615000.0,245648000.0,1835753000,724910000.0,343242000.0,-1124052000.0,2513179000.0,146641000.0,24352000.0
SCHW,5599000000.0,,1909000000.0,,462903000000,,,49511000000.0,,35009000000.0,
FAST,1959400000.0,1075500000.0,298700000.0,393900000.0,4870900000,3358000000.0,785200000.0,3690300000.0,125000000.0,231800000.0,573611957.0
APH,4811000000.0,3167000000.0,737800000.0,1024800000.0,22902100000,9133200000.0,4591000000.0,10301200000.0,,1657200000.0,
MGM,4277082000.0,,148554000.0,385057000.0,41903113000,4139074000.0,3169455000.0,2853544000.0,6414628000.0,2270563000.0,279650593.0
WM,6018000000.0,3647000000.0,637000000.0,1013000000.0,44486000000,4455000000.0,5347000000.0,8650000000.0,,216000000.0,402400000.0
DELL,23931000000.0,,1533000000.0,2159000000.0,79746000000,36229000000.0,46527000000.0,-1482000000.0,19363000000.0,3633000000.0,696000000.0
COHR,1497879000.0,970189000.0,15711000.0,,14444825000,3699857000.0,1497004000.0,5352622000.0,3727130000.0,890258000.0,
FCX,5574000000.0,4222000000.0,,1303000000.0,56022000000,13802000000.0,5943000000.0,17688000000.0,8909000000.0,4385000000.0,
WRB,3547399000.0,,417571000.0,,41345792000,,,8914039000.0,,1720209000.0,379312871.0
CINF,2566000000.0,,-90000000.0,,37276000000,,,13718000000.0,790000000.0,1010000000.0,
DVN,4550000000.0,,494000000.0,,30928000000,3905000000.0,3618000000.0,14545000000.0,8395000000.0,1198000000.0,
LH,3345100000.0,2397100000.0,212800000.0,326000000.0,17603800000,3789700000.0,2064600000.0,8307400000.0,5568700000.0,369400000.0,83800000.0
WDAY,,,,,17977000000,10545000000.0,5548000000.0,9034000000.0,2984000000.0,1543000000.0,
VLO,,29751000000.0,-595000000.0,-900000000.0,59177000000,23590000000.0,15143000000.0,23490000000.0,,4634000000.0,
IEX,814300000.0,445400000.0,95500000.0,142000000.0,6795100000,1626700000.0,583600000.0,3906600000.0,1839100000.0,594100000.0,
BRO,1404000000.0,,331000000.0,,16760000000,5917000000.0,4930000000.0,,3731000000.0,669000000.0,287000000.0
TECH,316181000.0,101625000.0,22588000.0,38708000.0,2644259000,627240000.0,169204000.0,2018025000.0,,140670000.0,156760717.0
CRH,6756000000.0,4919000000.0,-94000000.0,18000000.0,51921000000,14242000000.0,8712000000.0,21119000000.0,14213000000.0,3352000000.0,715487343.0
EOG,5669000000.0,,1463000000.0,1859000000.0,46982000000,10680000000.0,5719000000.0,29516000000.0,3464000000.0,6599000000.0,
ABBV,13343000000.0,4002000000.0,1286000000.0,3733000000.0,136165000000,27675000000.0,36403000000.0,1420000000.0,,5175000000.0,
GEN,,,,,15495000000,1444000000.0,2851000000.0,2269000000.0,7968000000.0,1006000000.0,617000000.0
EA,,,,,12368000000,3276000000.0,3459000000.0,6386000000.0,,2136000000.0,252000000.0
TMUS,20886000000.0,,2953000000.0,4800000000.0,214633000000,27441000000.0,23629000000.0,61105000000.0,,12003000000.0,1137339578.0
IQV,3829000000.0,,249000000.0,496000000.0,27322000000,5911000000.0,7179000000.0,5977000000.0,13108000000.0,1740000000.0,174100000.0
NWSA,2009000000.0,,103000000.0,,16580000000,6841000000.0,4081000000.0,8203000000.0,1943000000.0,2095000000.0,
ARES,1088805000.0,,47170000.0,,27181768000,,,4454107000.0,,,
KEYS,1298000000.0,478000000.0,169000000.0,218000000.0,9387000000,4456000000.0,1509000000.0,5187000000.0,1790000000.0,2060000000.0,
PTC,636366000.0,106262000.0,162644000.0,223464000.0,6162431000,1132809000.0,1146250000.0,3386463000.0,1364393000.0,235169000.0,119926000.0
CTRA,2016000000.0,,516000000.0,702000000.0,23951000000,1446000000.0,1608000000.0,14224000000.0,4280000000.0,186000000.0,
SYF,,,757000000.0,,122026000000,,,16581000000.0,17009000000.0,21629000000.0,380537087.0
ANET,2004800000.0,728700000.0,813800000.0,858800000.0,14514600000,12276300000.0,3121600000.0,10119100000.0,,1845100000.0,1256600000.0
CSCO,13991000000.0,4880000000.0,2428000000.0,3113000000.0,121375000000,34681000000.0,40019000000.0,45530000000.0,19625000000.0,8556000000.0,3977000000.0
HCA,18321000000.0,,1610000000.0,,59798000000,16258000000.0,13631000000.0,-3519000000.0,41057000000.0,1060000000.0,242955400.0
CFG,367000000.0,,373000000.0,,220148000000,,,24866000000.0,12267000000.0,,437668127.0
TRMB,840600000.0,279800000.0,66700000.0,97500000.0,8898900000,1282600000.0,1520600000.0,5419100000.0,1391000000.0,290000000.0,237200000.0
GDDY,1194300000.0,,219500000.0,247300000.0,7838800000,1553600000.0,2792800000.0,199700000.0,3775700000.0,,
LITE,425200000.0,,-44100000.0,-37700000.0,3975000000,1667300000.0,353000000.0,879500000.0,2562400000.0,516400000.0,69400000.0
AZO,3952012000.0,1823611000.0,487923000.0,706767000.0,18116279000,7802598000.0,9267357000.0,-4457773000.0,9052099000.0,300905000.0,
REGN,3028700000.0,,808700000.0,591700000.0,37545200000,17571700000.0,3566600000.0,29387600000.0,1984800000.0,3090200000.0,
IDXX,998427000.0,375048000.0,242677000.0,316534000.0,3213689000,1317613000.0,1136213000.0,1448013000.0,449799000.0,163970000.0,80740000.0
MNST,1854558000.0,806596000.0,,569745000.0,8227028000,4135419000.0,1225357000.0,6519439000.0,199059000.0,1903419000.0,975143000.0
AES,2926000000.0,2485000000.0,46000000.0,,48615000000,7878000000.0,9344000000.0,3468000000.0,,1753000000.0,711908057.0
VRTX,2770200000.0,363000000.0,646300000.0,630100000.0,22880500000,10008800000.0,3783200000.0,16496300000.0,,4674700000.0,256967767.0
BIIB,2431000000.0,629300000.0,240500000.0,,28033100000,7626000000.0,5297400000.0,,4548700000.0,,
ODFL,,,254660000.0,338055000.0,5491294000,734384000.0,557353000.0,4235324000.0,,97198000.0,211929275.0
PYPL,7791000000.0,,1287000000.0,1530000000.0,81274000000,60611000000.0,46622000000.0,20254000000.0,11417000000.0,7449000000.0,979000000.0
ZBRA,1308000000.0,663000000.0,136000000.0,195000000.0,7899000000,2291000000.0,1581000000.0,3626000000.0,2103000000.0,879000000.0,
KIM,536624000.0,,132817000.0,180484000.0,19731252000,,,10588276000.0,,131271000.0,679497438.0
QCOM,10979000000.0,4937000000.0,2812000000.0,3120000000.0,55372000000,26080000000.0,9544000000.0,,13258000000.0,7203000000.0,1100000000.0
ROP,1882800000.0,589100000.0,331100000.0,525800000.0,31418800000,1704600000.0,3688000000.0,19223600000.0,6457000000.0,372800000.0,
GILD,6667000000.0,1540000000.0,1315000000.0,2237000000.0,56434000000,16901000000.0,12344000000.0,19162000000.0,22146000000.0,,1245000000.0
SNPS,1455315000.0,269975000.0,295683000.0,251839000.0,13041089000,6323616000.0,2358594000.0,9304792000.0,14220000.0,3653880000.0,154618000.0
STE,,,,,10146800000,2000800000.0,1022200000.0,6603400000.0,1918700000.0,171700000.0,98300000.0
LIN,8112000000.0,,1673000000.0,2184000000.0,82704000000,13597000000.0,14485000000.0,38032000000.0,17608000000.0,5294000000.0,
BSX,4663000000.0,1453000000.0,,921000000.0,40140000000,7335000000.0,5058000000.0,22212000000.0,,725000000.0,
DHI,7734000000.0,5833800000.0,810400000.0,,35690000000,,,24327100000.0,,2471400000.0,308629060.0
SBUX,8761600000.0,,384200000.0,601000000.0,31633100000,6713700000.0,10429300000.0,-7622500000.0,13324000000.0,,
XYZ,5771796000.0,3482193000.0,189872000.0,329302000.0,36395567000,19712379000.0,8686711000.0,21469194000.0,5108385000.0,7088831000.0,
HPE,7854000000.0,,627000000.0,433000000.0,70327000000,33012000000.0,24904000000.0,25224000000.0,13272000000.0,13431000000.0,1313391109.0
FTV,993100000.0,593300000.0,171900000.0,165300000.0,17137000000,2704100000.0,2725700000.0,10236400000.0,2929100000.0,892100000.0,339900000.0
EXE,2196000000.0,,-249000000.0,-268000000.0,27934000000,2113000000.0,3589000000.0,17191000000.0,5243000000.0,349000000.0,
TTD,616021000.0,142839000.0,50678000.0,54452000.0,5705441000,4856335000.0,2682062000.0,2716684000.0,,1118545000.0,
HUM,32112000000.0,,1244000000.0,2014000000.0,50930000000,34422000000.0,18043000000.0,17751000000.0,12729000000.0,4250000000.0,
INTU,3963000000.0,,471000000.0,593000000.0,31682000000,9135000000.0,7179000000.0,17949000000.0,5760000000.0,2435000000.0,
MCHP,,,,,15374600000,2991300000.0,1155100000.0,7078300000.0,5630400000.0,771700000.0,538704604.0
CB,13353000000.0,,1331000000.0,,251752000000,,,65726000000.0,14508000000.0,,400748485.0
ORLY,4136924000.0,2015439000.0,538485000.0,741466000.0,15293875000,6029467000.0,8510506000.0,-1357456000.0,5651821000.0,191248000.0,57113515.0
RCL,3999000000.0,2079000000.0,730000000.0,945000000.0,37452000000,1828000000.0,10300000000.0,7960000000.0,,386000000.0,
JBL,6728000000.0,6152000000.0,117000000.0,245000000.0,17396000000,12614000000.0,12315000000.0,1358000000.0,2883000000.0,1592000000.0,109539804.0
HWM,1942000000.0,,344000000.0,494000000.0,10772000000,3554000000.0,1548000000.0,4792000000.0,3317000000.0,536000000.0,404000000.0
CDW,5199100000.0,4076800000.0,224900000.0,361400000.0,15018500000,7651600000.0,5781500000.0,2323100000.0,5622400000.0,471400000.0,131700000.0
CPT,2487000.0,,38822000.0,,8993132000,,,4614956000.0,3735700000.0,26182000.0,106800000.0
ALL,16452000000.0,,595000000.0,,115161000000,,,22055000000.0,8086000000.0,,265000000.0
EQR,,,256592000.0,,20562185000,,,11047330000.0,,39849000.0,379840678.0
KDP,3635000000.0,1650000000.0,517000000.0,801000000.0,53699000000,4346000000.0,9171000000.0,24447000000.0,11927000000.0,653000000.0,1358162801.0
MAR,6263000000.0,,665000000.0,948000000.0,26651000000,3746000000.0,8284000000.0,-3168000000.0,23000000.0,523000000.0,
DECK,,,,,3570252000,2860475000.0,769941000.0,2513013000.0,,1889188000.0,150201000.0
COST,63723000000.0,55744000000.0,1788000000.0,2316000000.0,73224000000,36897000000.0,36999000000.0,25577000000.0,5755000000.0,12356000000.0,443730000.0
REG,380912000.0,,109587000.0,273538000.0,12560070000,,,6699578000.0,4641240000.0,,181525936.0
INCY,1052898000.0,73188000.0,158203000.0,205168000.0,5749365000,3507421000.0,1720290000.0,3667563000.0,,1941722000.0,193783446.0
SPG,1473012000.0,,,727616000.0,32501143000,,,2605575000.0,24753200000.0,1380008000.0,
MAA,549295000.0,,181673000.0,,11811957000,,,5949708000.0,,55776000.0,116916381.0
TSCO,3466952000.0,2211530000.0,179369000.0,249137000.0,10385317000,3656082000.0,2600514000.0,2238540000.0,2082721000.0,231717000.0,531240000.0
MLM,1161000000.0,1018000000.0,116000000.0,194000000.0,17724000000,2103000000.0,935000000.0,9081000000.0,5289000000.0,101000000.0,60278790.0
IVZ,1529200000.0,,171100000.0,277300000.0,28143600000,,,14698700000.0,964800000.0,821700000.0,447600000.0
ALB,1076881000.0,920582000.0,41348000.0,19761000.0,16999258000,4107282000.0,1944393000.0,10028239000.0,3128655000.0,1518511000.0,117651000.0
AVB,1742000.0,,,510585000.0,21215714000,,,,8303437000.0,53255000.0,142368620.0
PLD,2139665000.0,,592953000.0,878413000.0,95993391000,,,53467210000.0,32262055000.0,671117000.0,927882000.0
CPRT,,,387400000.0,426211000.0,9187347000,4966783000.0,629637000.0,,,,966053166.0
INVH,674479000.0,,165745000.0,,18578092000,,,9718431000.0,8103480000.0,84387000.0,612883911.0
IR,1716800000.0,951300000.0,186500000.0,302500000.0,18379400000,4351700000.0,1826800000.0,10484800000.0,,1612800000.0,
O,1380505000.0,,249815000.0,,69757696000,,,39031261000.0,,319007000.0,903062000.0
CVNA,4232000000.0,3303000000.0,216000000.0,394000000.0,8878000000,5137000000.0,1347000000.0,1504000000.0,5269000000.0,1858000000.0,
ESS,2494000.0,,,257081000.0,13186258000,,,5570001000.0,6822320000.0,98735000.0,64358097.0
COF,1489000000.0,,1404000000.0,,493604000000,,,63542000000.0,,,382959187.0
DLTR,4996700000.0,,-3695900000.0,,18644000000,9107200000.0,8585900000.0,3977400000.0,2431200000.0,1256500000.0,215078018.0
COR,75453673000.0,72393864000.0,717871000.0,1036190000.0,71193874000,46534973000.0,53328382000.0,1012837000.0,7085886000.0,1978061000.0,193783768.0
DRI,3158000000.0,,323400000.0,418200000.0,12560900000,880600000.0,2283100000.0,2203000000.0,2123000000.0,224200000.0,
BKR,6427000000.0,,402000000.0,,38110000000,16841000000.0,12594000000.0,17042000000.0,,,
RMD,1291736000.0,525327000.0,365041000.0,426268000.0,7566822000,3208420000.0,940516000.0,5546133000.0,663126000.0,932711000.0,146618775.0
VICI,984204000.0,6352000.0,543607000.0,,45526064000,,,26609169000.0,16847001000.0,334317000.0,1056668054.0
DOW,10431000000.0,9760000000.0,-307000000.0,,57499000000,16328000000.0,10586000000.0,16788000000.0,,1465000000.0,
FOXA,4371000000.0,,,,23367000000,8749000000.0,3567000000.0,11526000000.0,6601000000.0,,
MRNA,108000000.0,90000000.0,-971000000.0,-1050000000.0,12704000000,6766000000.0,1604000000.0,10066000000.0,,1623000000.0,387000000.0
COIN,2034295000.0,,65608000.0,705806000.0,21731006000,17453788000.0,6933369000.0,10468240000.0,4237090000.0,8051169000.0,
UBER,11533000000.0,,1776000000.0,1228000000.0,52822000000,12350000000.0,12113000000.0,21975000000.0,8350000000.0,5132000000.0,2091856000.0
CTVA,4417000000.0,2342000000.0,652000000.0,,42123000000,16587000000.0,11481000000.0,24285000000.0,,2008000000.0,683026000.0
CRWD,,,,,8701578000,6113345000.0,3461050000.0,3279494000.0,743983000.0,4323295000.0,
DDOG,761553000.0,157628000.0,24642000.0,-12420000.0,6010381000,5076338000.0,1854823000.0,2916674000.0,,1079854000.0,
VRT,2036000000.0,1349500000.0,164500000.0,290700000.0,9451100000,5461700000.0,3184000000.0,2666400000.0,2904100000.0,1467300000.0,381001144.0
CARR,5218000000.0,,412000000.0,629000000.0,36447000000,8444000000.0,7011000000.0,,11080000000.0,1698000000.0,
PLTR,883855000.0,172970000.0,214031000.0,176048000.0,6736917000,6282599000.0,967443000.0,5424155000.0,,993464000.0,2359663000.0
DASH,3032000000.0,,193000000.0,155000000.0,13572000000,7853000000.0,4577000000.0,8389000000.0,,4500000000.0,
OTIS,3350000000.0,,243000000.0,411000000.0,11178000000,7435000000.0,7892000000.0,-5128000000.0,6923000000.0,1918000000.0,
ABNB,2272000000.0,506000000.0,154000000.0,38000000.0,25056000000,21295000000.0,16730000000.0,7937000000.0,0.0,7600000000.0,
APP,1484021000.0,271232000.0,576419000.0,663471000.0,5706701000,2367334000.0,1409224000.0,575421000.0,3509964000.0,551024000.0,338361559.0
HOOD,927000000.0,,336000000.0,,27517000000,26215000000.0,19431000000.0,7953000000.0,,4416000000.0,
CEG,6106000000.0,,118000000.0,451000000.0,52252000000,9631000000.0,6545000000.0,12956000000.0,7321000000.0,1846000000.0,313000000.0
GEHC,4777000000.0,,564000000.0,629000000.0,33586000000,9735000000.0,9969000000.0,9187000000.0,6757000000.0,2454000000.0,
KVUE,3741000000.0,1573000000.0,322000000.0,558000000.0,26257000000,5710000000.0,6666000000.0,10053000000.0,,1057000000.0,1918858759.0
VLTO,1332000000.0,527000000.0,225000000.0,322000000.0,6645000000,2558000000.0,1170000000.0,2302000000.0,2630000000.0,1239000000.0,247800000.0
SOLV,2070000000.0,,137000000.0,152000000.0,14527000000,3053000000.0,2566000000.0,3262000000.0,7813000000.0,534000000.0,173008211.0
GEV,8032000000.0,6562000000.0,254000000.0,43000000.0,51559000000,33936000000.0,32677000000.0,8607000000.0,,,272934744.0
SNDK,1695000000.0,1313000000.0,-1933000000.0,-1881000000.0,12960000000,5090000000.0,1375000000.0,9161000000.0,1927000000.0,1507000000.0,145000000.0
WAB,2610000000.0,1710000000.0,322000000.0,474000000.0,19096000000,5255000000.0,3927000000.0,10368000000.0,3503000000.0,,171100000.0
ERIE,989399000.0,,138417000.0,151376000.0,2968228000,1122489000.0,812291000.0,2067351000.0,,,
ACGL,4673000000.0,,574000000.0,,75176000000,,,21545000000.0,,1187000000.0,
POOL,1071526000.0,759157000.0,53545000.0,77538000.0,3712449000,2077577000.0,1157816000.0,1238691000.0,968031000.0,,37659549.0
EG,4263000000.0,,210000000.0,,58132000000,,,14140000000.0,,,74400000.0
DVA,3223529000.0,,162917000.0,438937000.0,17119030000,3636188000.0,2906782000.0,-267101000.0,,438780000.0,77277000.0
HSIC,3168000000.0,2168000000.0,110000000.0,175000000.0,10480000000,4037000000.0,2917000000.0,3310000000.0,,,122243683.0
EL,3550000000.0,889000000.0,,306000000.0,19886000000,7017000000.0,4964000000.0,4345000000.0,,,
WAT,661705000.0,276745000.0,121381000.0,151745000.0,4591576000,1739883000.0,960969000.0,1962397000.0,1356727000.0,382872000.0,59498000.0
NTAP,1641000000.0,496000000.0,299000000.0,362000000.0,8989000000,3908000000.0,4195000000.0,995000000.0,1244000000.0,1511000000.0,203000000.0
HIG,366000000.0,,630000000.0,,82307000000,,,16844000000.0,4368000000.0,,
IRM,1592529000.0,,,254294000.0,19362087000,1750362000.0,2840911000.0,-698520000.0,14177474000.0,,294968740.0
TRV,11810000000.0,,395000000.0,,135977000000,,,28191000000.0,,,226600000.0
STLD,4369195000.0,3882651000.0,217151000.0,275144000.0,15930428000,6216705000.0,2266458000.0,8824710000.0,3777132000.0,1186917000.0,149380035.0
FDS,570660000.0,269604000.0,144860000.0,185492000.0,4241442000,707641000.0,481828000.0,2056917000.0,1472162000.0,278548000.0,37991384.0
DGX,2652000000.0,1789000000.0,220000000.0,346000000.0,15797000000,2075000000.0,1441000000.0,6929000000.0,,188000000.0,
CIEN,1072260000.0,600439000.0,44572000.0,80663000.0,5572902000,3491711000.0,956517000.0,2793379000.0,1531084000.0,874749000.0,142528510.0
TTWO,,,,,9180700000,2815900000.0,3615800000.0,2137700000.0,2512600000.0,1456100000.0,177100000.0
AMZN,155667000000.0,76976000000.0,17127000000.0,18405000000.0,643256000000,184645000000.0,176171000000.0,305867000000.0,53374000000.0,66207000000.0,10613000000.0
ARE,,,-8939000.0,,37600428000,,,17464647000.0,13090834000.0,476430000.0,
FIX,1831286000.0,1427870000.0,169289000.0,209098000.0,4569218000,2597499000.0,2411244000.0,1777013000.0,63776000.0,204758000.0,35308000.0
RL,,,,,7047300000,3789900000.0,2133700000.0,2588500000.0,742900000.0,1922500000.0,
BXP,865215000.0,,61177000.0,,25436521000,,,5319942000.0,,398126000.0,158323327.0
YUM,1787000000.0,520000000.0,253000000.0,548000000.0,6659000000,1727000000.0,1231000000.0,-7804000000.0,,607000000.0,
CHRW,4046740000.0,,135302000.0,176853000.0,5226114000,2923725000.0,2263365000.0,1734725000.0,922087000.0,129942000.0,118958000.0
VRSN,402300000.0,49400000.0,199300000.0,271200000.0,1447700000,714100000.0,1286600000.0,-1977000000.0,,575400000.0,94100000.0
MTD,883744000.0,,163587000.0,,3234679000,1164795000.0,1149695000.0,-181982000.0,1891240000.0,,21357370.0
URI,893000000.0,2363000000.0,518000000.0,804000000.0,28050000000,3241000000.0,3794000000.0,8789000000.0,,542000000.0,64997902.0
PWR,6233334000.0,5399297000.0,144258000.0,239081000.0,19134546000,7829753000.0,5985606000.0,7456660000.0,,520561000.0,148263499.0
AMCR,3333000000.0,2679000000.0,196000000.0,313000000.0,18042000000,6702000000.0,3940000000.0,3851000000.0,,2045000000.0,
AMT,226000000.0,,,1254100000.0,62055600000,3506100000.0,6322000000.0,3534800000.0,,2103700000.0,468127000.0
NCLH,,1303938000.0,-40295000.0,200942000.0,21354343000,1145496000.0,6094488000.0,1416534000.0,,184359000.0,443439387.0
VTR,1358074000.0,,,,26032295000,,,11469557000.0,,182335000.0,451211000.0
CTSH,5115000000.0,,663000000.0,853000000.0,19967000000,7545000000.0,3406000000.0,14899000000.0,567000000.0,1980000000.0,493000000.0
CSGP,732200000.0,153300000.0,-14800000.0,-42800000.0,10428100000,4353300000.0,724400000.0,8556200000.0,992200000.0,3680800000.0,
RSG,4009000000.0,2314000000.0,494996000.0,804000000.0,33103000000,2321000000.0,3491000000.0,11663000000.0,,83000000.0,
CCI,50000000.0,28000000.0,-464000000.0,521000000.0,31760000000,1085000000.0,2950000000.0,,,60000000.0,435000000.0
EBAY,2585000000.0,723000000.0,503000000.0,616000000.0,18954000000,6872000000.0,5880000000.0,4950000000.0,,3031000000.0,463000000.0
NVDA,,,,,111601000000,80126000000.0,18047000000.0,79327000000.0,8463000000.0,8589000000.0,24477000000.0
GS,,,4738000000.0,,1766181000000,,,124300000000.0,,167408000000.0,307628584.0
BKNG,4762000000.0,,,1062000000.0,27191000000,19950000000.0,16394000000.0,-6112000000.0,15369000000.0,15578000000.0,
APTV,4825000000.0,3905000000.0,-11000000.0,448000000.0,23102000000,7738000000.0,4794000000.0,8961000000.0,7646000000.0,1100000000.0,223776580.0
FFIV,731123000.0,140959000.0,145530000.0,158897000.0,5906577000,2336174000.0,1524100000.0,,,1259282000.0,57919000.0
LII,1072600000.0,731700000.0,129600000.0,168000000.0,3455400000,1855000000.0,1294600000.0,852500000.0,,217200000.0,
BLK,5276000000.0,,1510000000.0,1698000000.0,141942000000,,,48036000000.0,12349000000.0,7747000000.0,155022449.0
TKO,1268800000.0,,58408000.0,237364000.0,15010070000,1519228000.0,1219300000.0,4162000000.0,2728516000.0,470860000.0,
SBAC,48039000.0,38188000.0,220732000.0,334910000.0,10442917000,933316000.0,1343016000.0,-4970703000.0,11654372000.0,636447000.0,108028000.0
CHTR,13735000000.0,,1217000000.0,3237000000.0,150954000000,4968000000.0,13672000000.0,16247000000.0,91970000000.0,796000000.0,
AKAM,,418945000.0,123171000.0,154583000.0,9982190000,2374971000.0,2016529000.0,4584561000.0,,1097026000.0,146086802.0
EXPE,2988000000.0,,-200000000.0,-70000000.0,26114000000,13587000000.0,18573000000.0,1072000000.0,4465000000.0,5715000000.0,122220000.0
TDY,1449900000.0,830400000.0,188600000.0,259300000.0,15048500000,2981700000.0,1364400000.0,9925200000.0,2964600000.0,461500000.0,46851809.0
A,1681000000.0,782000000.0,318000000.0,376000000.0,11914000000,4107000000.0,1869000000.0,6027000000.0,3347000000.0,1467000000.0,285232190.0
PKG,2141000000.0,1686300000.0,203800000.0,280300000.0,8969800000,3302500000.0,1007700000.0,4499200000.0,2474700000.0,751700000.0,
EW,1412700000.0,301600000.0,358000000.0,394800000.0,13022300000,6212700000.0,1394800000.0,10128700000.0,597800000.0,3140600000.0,586200000.0
ON,1445700000.0,1151900000.0,-486100000.0,-573700000.0,13253900000,6326500000.0,1278300000.0,8029900000.0,3348300000.0,2762500000.0,417866634.0
MET,611000000.0,,945000000.0,1415000000.0,688316000000,,,27493000000.0,,21326000000.0,673293988.0
ISRG,2253400000.0,795700000.0,698400000.0,578100000.0,19220400000,7657800000.0,1538100000.0,17106400000.0,,2573800000.0,358400000.0
NRG,8489000000.0,,750000000.0,1134000000.0,24991000000,9875000000.0,9300000000.0,,9812000000.0,693000000.0,196462125.0
CRL,984168000.0,,25469000.0,74669000.0,7582366000,1506358000.0,1051055000.0,3194336000.0,,229356000.0,49115000.0
EQIX,2225000000.0,1084000000.0,343000000.0,458000000.0,36079000000,5505000000.0,3327000000.0,13889000000.0,15887000000.0,2950000000.0,97819000.0
TPR,1584600000.0,378800000.0,203300000.0,253700000.0,7306200000,2861400000.0,1627900000.0,1493800000.0,2396600000.0,1037700000.0,207700000.0
MCO,1924000000.0,491000000.0,625000000.0,846000000.0,15096000000,4565000000.0,2917000000.0,3700000000.0,6823000000.0,2139000000.0,
ALGN,979262000.0,299154000.0,93230000.0,131100000.0,6102820000,2402029000.0,1990948000.0,3794243000.0,,873012000.0,73057000.0
GRMN,1535099000.0,650554000.0,332769000.0,332824000.0,9787622000,5445184000.0,1329706000.0,8179478000.0,,2175515000.0,192711000.0
GPN,2412098000.0,921195000.0,305734000.0,470885000.0,47616106000,6738560000.0,7140856000.0,22248343000.0,16278207000.0,2896024000.0,245361590.0
MDLZ,9313000000.0,6883000000.0,402000000.0,680000000.0,68927000000,12730000000.0,21003000000.0,25785000000.0,,,
ACN,16659301000.0,11684313000.0,1788075000.0,2244714000.0,59869756000,25307652000.0,17130355000.0,29246053000.0,,8490438000.0,
AXON,603633000.0,237894000.0,87980000.0,-8793000.0,6083159000,3776589000.0,1336622000.0,2555853000.0,1727797000.0,1092938000.0,77848148.0
PRU,13470000000.0,,707000000.0,,739262000000,,,29883000000.0,19540000000.0,16063000000.0,
BG,3663000000.0,11046000000.0,201000000.0,,26660000000,17373000000.0,8535000000.0,10578000000.0,4714000000.0,3245000000.0,
WTW,2180000000.0,,235000000.0,432000000.0,28064000000,15461000000.0,13384000000.0,8133000000.0,4761000000.0,1507000000.0,
ZBH,1909100000.0,549800000.0,182000000.0,292300000.0,22183900000,5590200000.0,2294900000.0,12395100000.0,6576300000.0,1384500000.0,
ELV,48891000000.0,4983000000.0,2183000000.0,3170000000.0,119717000000,61121000000.0,42698000000.0,42503000000.0,28110000000.0,7500000000.0,225641361.0
CNC,42489000000.0,698000000.0,1311000000.0,1534000000.0,87044000000,41288000000.0,37143000000.0,27916000000.0,18308000000.0,14815000000.0,497518000.0
NFLX,10542801000.0,5263147000.0,2890351000.0,3346999000.0,52087644000,11697632000.0,9718519000.0,24028073000.0,14011037000.0,7199848000.0,425683210.0
TDG,2150000000.0,876000000.0,479000000.0,991000000.0,21905000000,6408000000.0,2074000000.0,-5671000000.0,24400000000.0,2426000000.0,
PFG,3695900000.0,,48100000.0,,313003300000,,,11216800000.0,4321300000.0,3875700000.0,224971715.0
CME,1642300000.0,,,1108000000.0,157831600000,123445400000.0,121420200000.0,27030700000.0,,1405300000.0,
WYNN,,,72747000.0,268589000.0,12724044000,2594448000.0,2396795000.0,-360678000.0,9513157000.0,2070086000.0,105869624.0
STX,2160000000.0,1400000000.0,340000000.0,431000000.0,7564000000,3282000000.0,2412000000.0,-829000000.0,5146000000.0,814000000.0,212212241.0
NDAQ,2090000000.0,853000000.0,395000000.0,547000000.0,30647000000,7818000000.0,7971000000.0,11546000000.0,8926000000.0,690000000.0,573940099.0
AIZ,3074000000.0,,146600000.0,,34988400000,,,5234200000.0,,1669600000.0,50818556.0
VST,4250000000.0,,-268000000.0,-120000000.0,38228000000,8430000000.0,9753000000.0,4825000000.0,16305000000.0,561000000.0,340048488.0
CRM,,,,,102928000000,29727000000.0,27980000000.0,61173000000.0,8433000000.0,8848000000.0,962000000.0
MA,7250000000.0,,,4149000000.0,48470000000,19804000000.0,17828000000.0,6671000000.0,18802000000.0,7575000000.0,
DPZ,1112056000.0,668909000.0,149651000.0,210095000.0,1877619000,1015934000.0,1696760000.0,-3912688000.0,,304320000.0,
GOOGL,90234000000.0,36361000000.0,34540000000.0,30606000000.0,475374000000,162052000000.0,91654000000.0,345267000000.0,10886000000.0,23264000000.0,12155000000.0
EXR,30905000.0,223582000.0,270875000.0,388730000.0,28993918000,,,13886787000.0,,119559000.0,212225353.0
MPWR,637554000.0,284324000.0,135052000.0,168759000.0,3705143000,1788386000.0,363401000.0,3073629000.0,,637354000.0,47877000.0
LVS,2862000000.0,,352000000.0,609000000.0,21247000000,3721000000.0,6255000000.0,2699000000.0,,3036000000.0,707000000.0
DLR,1407637000.0,,109974000.0,195750000.0,45080562000,,,21295598000.0,,2321885000.0,336743000.0
MOS,2620900000.0,2132500000.0,238100000.0,338500000.0,23165700000,4594800000.0,4091000000.0,11770900000.0,,259200000.0,317229733.0
DXCM,1036000000.0,447000000.0,105400000.0,133700000.0,6751700000,4553800000.0,3037100000.0,2266600000.0,,904900000.0,392100000.0
BLDR,3657496000.0,2542255000.0,96304000.0,184441000.0,11447615000,3280405000.0,1801456000.0,4374160000.0,,115371000.0,113726000.0
ICE,3229000000.0,,797000000.0,1221000000.0,142870000000,92644000000.0,92720000000.0,27974000000.0,17349000000.0,783000000.0,574000000.0
CF,1663000000.0,1091000000.0,,455000000.0,13308000000,2433000000.0,939000000.0,4780000000.0,2972000000.0,,
WBD,8979000000.0,,-453000000.0,-37000000.0,101679000000,12782000000.0,15286000000.0,33836000000.0,37426000000.0,3868000000.0,2473000000.0
AMP,4481000000.0,,583000000.0,,179059000000,,,5426000000.0,,,
LDOS,4228000000.0,3488000000.0,363000000.0,530000000.0,13197000000,4549000000.0,2961000000.0,4257000000.0,,842000000.0,128715893.0
LYV,3382117000.0,,23203000.0,114769000.0,21827118000,11069190000.0,11517592000.0,105995000.0,,7158680000.0,
CMG,2875253000.0,,386599000.0,479250000.0,9044094000,1661648000.0,1091538000.0,3490872000.0,,725597000.0,
META,42314000000.0,7572000000.0,16644000000.0,17555000000.0,280213000000,90227000000.0,33890000000.0,185029000000.0,28829000000.0,28750000000.0,
FIS,2532000000.0,1653000000.0,77000000.0,347000000.0,32841000000,4410000000.0,6954000000.0,15064000000.0,8658000000.0,805000000.0,
FANG,4048000000.0,,1405000000.0,1673000000.0,70066000000,4083000000.0,4753000000.0,38473000000.0,12996000000.0,1816000000.0,287287926.0
PSX,30430000000.0,27660000000.0,487000000.0,,71838000000,18279000000.0,14883000000.0,27273000000.0,,1489000000.0,
PANW,2257000000.0,599000000.0,267000000.0,241000000.0,20951700000,6339800000.0,7552200000.0,6375000000.0,,2226000000.0,660400000.0
NOW,3088000000.0,651000000.0,460000000.0,451000000.0,20972000000,9270000000.0,8258000000.0,10139000000.0,,3369000000.0,206979000.0
FSLR,844568000.0,500165000.0,209535000.0,221244000.0,12116665000,4574103000.0,2371712000.0,8187334000.0,327942000.0,837641000.0,107244215.0
SMCI,4599913000.0,4159695000.0,108777000.0,146780000.0,10738525000,9513589000.0,1428136000.0,6379319000.0,,2536101000.0,596765000.0
IBKR,592000000.0,,,,157670000000,,,4502000000.0,,3500000000.0,
BR,1811700000.0,1235900000.0,243100000.0,344900000.0,8299600000,1665500000.0,1264300000.0,2382300000.0,3433600000.0,317200000.0,117200000.0
BX,3289458000.0,,614852000.0,,45255629000,,,7978120000.0,12583600000.0,2386979000.0,737929437.0
PODD,569000000.0,160000000.0,35400000.0,88800000.0,3517300000,2328400000.0,520400000.0,1330600000.0,,,70361846.0
LULU,,,,,7603292000,3980302000.0,1839630000.0,4324047000.0,,,116166000.0
TEL,4143000000.0,2684000000.0,13000000.0,748000000.0,23656000000,9074000000.0,5999000000.0,,3263000000.0,2554000000.0,
ULTA,,,,,6001693000,3028808000.0,1779478000.0,2488353000.0,,703201000.0,45965000.0
MSCI,745826000.0,,288600000.0,377023000.0,5344374000,1235535000.0,1466328000.0,-958570000.0,4546859000.0,360671000.0,77601766.0
SATS,3869758000.0,,-202669000.0,-88132000.0,60571527000,7648209000.0,6055560000.0,20007647000.0,,2529878000.0,
AWK,,,205000000.0,371000000.0,33156000000,1194000000.0,2447000000.0,10534000000.0,,114000000.0,
V,9594000000.0,,4577000000.0,5435000000.0,92853000000,32934000000.0,30381000000.0,,16814000000.0,11734000000.0,
PM,9301000000.0,3040000000.0,2690000000.0,3544000000.0,65079000000,22196000000.0,28087000000.0,-10901000000.0,,4443000000.0,
KKR,3110183000.0,,-185924000.0,,372372919000,,,27469987000.0,,,888250332.0
AVGO,14916000000.0,4771000000.0,,6260000000.0,165358000000,20990000000.0,20910000000.0,,,9307000000.0,4702000000.0
FTNT,1539700000.0,293100000.0,433400000.0,453800000.0,10407000000,6442600000.0,4727800000.0,1962900000.0,496200000.0,3596600000.0,769200000.0
VRSK,753000000.0,230800000.0,232300000.0,330100000.0,5122100000,1772100000.0,1398100000.0,123000000.0,,1112100000.0,139957796.0
APO,5548000000.0,,442000000.0,,395045000000,,,17976000000.0,10581000000.0,,570432275.0
GNRC,942121000.0,570135000.0,43840000.0,83638000.0,5060454000,1988539000.0,1007588000.0,2469224000.0,,187464000.0,
CBOE,,629800000.0,250600000.0,353900000.0,8667300000,3361900000.0,2097900000.0,4452100000.0,1441500000.0,1047200000.0,104738813.0
NXPI,2835000000.0,1275000000.0,490000000.0,723000000.0,25180000000,8025000000.0,3849000000.0,9322000000.0,,3988000000.0,
CPAY,1005667000.0,,243233000.0,427124000.0,18547780000,9077561000.0,8236670000.0,3453836000.0,8171403000.0,1554835000.0,70471590.0
TSLA,19335000000.0,16182000000.0,409000000.0,399000000.0,125111000000,59389000000.0,29753000000.0,74653000000.0,5080000000.0,16352000000.0,3220000000.0
TRGP,4561500000.0,3257800000.0,270500000.0,543300000.0,22800300000,2076200000.0,3198100000.0,2451500000.0,16208700000.0,151400000.0,217461060.0
HII,2734000000.0,,149000000.0,161000000.0,12103000000,3042000000.0,2856000000.0,,2699000000.0,,39238707.0
MPC,31517000000.0,29360000000.0,-74000000.0,687000000.0,81633000000,27140000000.0,22725000000.0,16396000000.0,,3812000000.0,
EPAM,1301692000.0,952008000.0,73482000.0,99330000.0,4723612000,2415691000.0,789124000.0,3642634000.0,25059000.0,1173639000.0,56626000.0
XYL,2069000000.0,1301000000.0,169000000.0,231000000.0,16559000000,4084000000.0,2166000000.0,10816000000.0,1974000000.0,1059000000.0,
SW,7656000000.0,6079000000.0,384000000.0,553000000.0,44649000000,10630000000.0,7445000000.0,17864000000.0,,797000000.0,521979145.0
CBRE,8763000000.0,7265000000.0,163000000.0,276000000.0,26366000000,10831000000.0,10868000000.0,8282000000.0,3207000000.0,1382000000.0,299584021.0
LYB,7677000000.0,7128000000.0,,114000000.0,35189000000,11401000000.0,6240000000.0,12209000000.0,,1867000000.0,322945084.0
ALLE,941900000.0,519400000.0,148200000.0,196400000.0,4564100000,1461700000.0,672400000.0,,1972000000.0,494500000.0,86058059.0
