minute_of_day,entropy,hour,minute
0,1.097780987108337,0,0
1,1.0300433912983409,0,1
2,0.9042326000115628,0,2
3,1.1589845212337102,0,3
4,1.1589845212337102,0,4
5,1.0331737299469321,0,5
6,1.156869339920509,0,6
7,1.0819672775704963,0,7
8,0.9655272622660829,0,8
9,1.1589845212337102,0,9
10,1.156869339920509,0,10
11,0.9655272622660829,0,11
12,1.0701171824542435,0,12
13,0.8346464646189742,0,13
14,1.285901597985025,0,14
15,1.386351347323835,0,15
16,1.0300433912983409,0,16
17,1.3134742745099717,0,17
18,0.9655272622660829,0,18
19,1.1589845212337102,0,19
20,1.447640684443725,0,20
21,1.3250566850693148,0,21
22,1.186557197758657,0,22
23,1.285901597985025,0,23
24,1.097780987108337,0,24
25,0.9912513992084369,0,25
26,1.097780987108337,0,26
27,1.186557197758657,0,27
28,1.2615503882378163,0,28
29,1.2733093552249222,0,29
30,0.7939924338116537,0,30
31,0.9930999387910295,0,31
32,1.186557197758657,0,32
33,0.9930999387910295,0,33
34,1.0819672775704963,0,34
35,1.0819672775704963,0,35
36,1.0818761494413496,0,36
37,0.9930999387910295,0,37
38,0.9912513992084369,0,38
39,0.9930999387910295,0,39
40,0.8585085628439117,0,40
41,0.9912513992084369,0,41
42,1.1221321968555455,0,42
43,0.7939924338116537,0,43
44,0.7939924338116537,0,44
45,0.9023840604289702,0,45
46,0.7538275145266042,0,46
47,1.097780987108337,0,47
48,0.8346464646189742,0,48
49,0.6373874992221911,0,49
50,0.9912513992084369,0,50
51,0.9510864799233876,0,51
52,1.186557197758657,0,52
53,1.2733093552249222,0,53
54,0.9930999387910295,0,54
55,1.2297464127343725,0,55
56,1.2733093552249222,0,56
57,0.8346464646189742,0,57
58,1.186557197758657,0,58
59,1.3461864280387856,0,59
60,1.186557197758657,1,0
61,1.0300433912983409,1,1
62,0.9655272622660829,1,2
63,1.2615503882378163,1,3
64,1.1589845212337102,1,4
65,1.3134742745099717,1,5
66,1.156869339920509,1,6
67,0.9655272622660829,1,7
68,1.0819672775704963,1,8
69,1.0300433912983409,1,9
70,1.156869339920509,1,10
71,1.186557197758657,1,11
72,1.0701171824542435,1,12
73,1.2109084075058656,1,13
74,0.9655272622660829,1,14
75,1.4586444649084445,1,15
76,1.3134742745099717,1,16
77,1.0300433912983409,1,17
78,1.2733093552249222,1,18
79,0.8865703508911296,1,19
80,0.7538275145266042,1,20
81,1.2733093552249222,1,21
82,1.3134742745099717,1,22
83,0.9655272622660829,1,23
84,1.2615503882378163,1,24
85,1.0819672775704963,1,25
86,1.186557197758657,1,26
87,1.0819672775704963,1,27
88,0.8865703508911296,1,28
89,0.9655272622660829,1,29
90,1.1221321968555455,1,30
91,0.8346464646189742,1,31
92,1.1221321968555455,1,32
93,0.9930999387910295,1,33
94,0.9912513992084369,1,34
95,0.9930999387910295,1,35
96,0.8346464646189742,1,36
97,0.9655272622660829,1,37
98,0.9042326000115628,1,38
99,1.3250566850693148,1,39
100,1.097780987108337,1,40
101,1.3494078948165236,1,41
102,0.9930999387910295,1,42
103,0.9930999387910295,1,43
104,0.9930999387910295,1,44
105,1.186557197758657,1,45
106,1.0819672775704963,1,46
107,1.097780987108337,1,47
108,0.9023840604289702,1,48
109,1.1221321968555455,1,49
110,1.2267221170437064,1,50
111,1.097780987108337,1,51
112,1.1589845212337102,1,52
113,1.2615503882378163,1,53
114,1.224606935730505,1,54
115,0.9042326000115628,1,55
116,1.097780987108337,1,56
117,1.1221321968555455,1,57
118,1.0819672775704963,1,58
119,1.2267221170437064,1,59
120,1.2615503882378163,2,0
121,1.2615503882378163,2,1
122,1.1357395969510384,2,2
123,1.0701171824542435,2,3
124,0.9655272622660829,2,4
125,0.9655272622660829,2,5
126,1.156869339920509,2,6
127,1.3292879840478125,2,7
128,1.2733093552249222,2,8
129,1.2733093552249222,2,9
130,1.3292879840478125,2,10
131,1.0818761494413496,2,11
132,0.9930999387910295,2,12
133,0.9930999387910295,2,13
134,1.186557197758657,2,14
135,1.0818761494413496,2,15
136,0.9930999387910295,2,16
137,1.3134742745099717,2,17
138,1.186557197758657,2,18
139,0.9930999387910295,2,19
140,1.1221321968555455,2,20
141,1.1589845212337102,2,21
142,1.0819672775704963,2,22
143,1.2267221170437064,2,23
144,0.9655272622660829,2,24
145,0.9930999387910295,2,25
146,1.0701171824542435,2,26
147,0.9930999387910295,2,27
148,0.7939924338116537,2,28
149,1.0819672775704963,2,29
150,1.0331737299469321,2,30
151,0.9655272622660829,2,31
152,0.8865703508911296,2,32
153,1.1589845212337102,2,33
154,1.224606935730505,2,34
155,1.1589845212337102,2,35
156,1.1221321968555455,2,36
157,0.9655272622660829,2,37
158,0.9912513992084369,2,38
159,0.9655272622660829,2,39
160,1.0300433912983409,2,40
161,0.9912513992084369,2,41
162,0.7483265504380476,2,42
163,0.659459211658581,2,43
164,0.9510864799233876,2,44
165,0.6838104214057896,2,45
166,0.8828597725911205,2,46
167,0.7939924338116537,2,47
168,0.8585085628439117,2,48
169,0.7483265504380476,2,49
170,0.612069284012265,2,50
171,0.7483265504380476,2,51
172,0.8828597725911205,2,52
173,0.7483265504380476,2,53
174,0.6838104214057896,2,54
175,0.547553154980007,2,55
176,0.9912513992084369,2,56
177,0.547553154980007,2,57
178,0.547553154980007,2,58
179,0.8585085628439117,2,59
180,0.659459211658581,3,0
181,0.8585085628439117,3,1
182,0.659459211658581,3,2
183,0.547553154980007,3,3
184,0.7483265504380476,3,4
185,0.7483265504380476,3,5
186,0.9912513992084369,3,6
187,0.8585085628439117,3,7
188,0.659459211658581,3,8
189,0.6838104214057896,3,9
190,0.6838104214057896,3,10
191,0.7483265504380476,3,11
192,0.547553154980007,3,12
193,0.7483265504380476,3,13
194,0.8585085628439117,3,14
195,0.547553154980007,3,15
196,0.659459211658581,3,16
197,0.547553154980007,3,17
198,0.7538275145266042,3,18
199,0.4586858162005403,3,19
200,0.659459211658581,3,20
201,0.7483265504380476,3,21
202,0.7939924338116537,3,22
203,0.7483265504380476,3,23
204,0.6838104214057896,3,24
205,0.6838104214057896,3,25
206,0.4586858162005403,3,26
207,0.345117314944953,3,27
208,0.4586858162005403,3,28
209,0.4586858162005403,3,29
210,0.409633443977211,3,30
211,0.547553154980007,3,31
212,0.409633443977211,3,32
213,0.345117314944953,3,33
214,0.4586858162005403,3,34
215,0.345117314944953,3,35
216,0.205592508185083,3,36
217,0.205592508185083,3,37
218,0.345117314944953,3,38
219,0.409633443977211,3,39
220,0.409633443977211,3,40
221,0.547553154980007,3,41
222,0.547553154980007,3,42
223,0.7483265504380476,3,43
224,0.659459211658581,3,44
225,0.8828597725911205,3,45
226,0.7483265504380476,3,46
227,0.7483265504380476,3,47
228,0.6373874992221911,3,48
229,0.345117314944953,3,49
230,0.547553154980007,3,50
231,0.547553154980007,3,51
232,0.205592508185083,3,52
233,0.205592508185083,3,53
234,0.4586858162005403,3,54
235,0.205592508185083,3,55
236,0.5547781633412736,3,56
237,0.409633443977211,3,57
238,0.409633443977211,3,58
239,0.205592508185083,3,59
240,0.205592508185083,4,0
241,0.409633443977211,4,1
242,0.345117314944953,4,2
243,0.345117314944953,4,3
244,0.409633443977211,4,4
245,0.345117314944953,4,5
246,0.345117314944953,4,6
247,0.409633443977211,4,7
248,0.612069284012265,4,8
249,0.547553154980007,4,9
250,0.659459211658581,4,10
251,0.0,4,11
252,0.547553154980007,4,12
253,0.659459211658581,4,13
254,0.205592508185083,4,14
255,0.4586858162005403,4,15
256,0.205592508185083,4,16
257,0.205592508185083,4,17
258,0.205592508185083,4,18
259,0.205592508185083,4,19
260,0.659459211658581,4,20
261,0.7483265504380476,4,21
262,0.659459211658581,4,22
263,0.409633443977211,4,23
264,0.547553154980007,4,24
265,0.7483265504380476,4,25
266,0.205592508185083,4,26
267,0.205592508185083,4,27
268,0.659459211658581,4,28
269,0.8585085628439117,4,29
270,0.7483265504380476,4,30
271,0.409633443977211,4,31
272,0.409633443977211,4,32
273,0.547553154980007,4,33
274,0.5547781633412736,4,34
275,0.205592508185083,4,35
276,0.205592508185083,4,36
277,0.345117314944953,4,37
278,0.0,4,38
279,0.0,4,39
280,0.205592508185083,4,40
281,0.205592508185083,4,41
282,0.205592508185083,4,42
283,0.409633443977211,4,43
284,0.409633443977211,4,44
285,0.409633443977211,4,45
286,0.409633443977211,4,46
287,0.205592508185083,4,47
288,0.205592508185083,4,48
289,0.4586858162005403,4,49
290,0.547553154980007,4,50
291,0.409633443977211,4,51
292,0.205592508185083,4,52
293,0.205592508185083,4,53
294,0.205592508185083,4,54
295,0.205592508185083,4,55
296,0.205592508185083,4,56
297,0.0,4,57
298,0.0,4,58
299,0.0,4,59
300,0.205592508185083,5,0
301,0.0,5,1
302,0.0,5,2
303,0.345117314944953,5,3
304,0.205592508185083,5,4
305,0.345117314944953,5,5
306,0.345117314944953,5,6
307,0.0,5,7
308,0.0,5,8
309,0.0,5,9
310,0.205592508185083,5,10
311,0.0,5,11
312,0.205592508185083,5,12
313,0.205592508185083,5,13
314,0.0,5,14
315,0.0,5,15
316,0.0,5,16
317,0.205592508185083,5,17
318,0.0,5,18
319,0.345117314944953,5,19
320,0.345117314944953,5,20
321,0.205592508185083,5,21
322,0.205592508185083,5,22
323,0.0,5,23
324,0.205592508185083,5,24
325,0.409633443977211,5,25
326,0.409633443977211,5,26
327,0.0,5,27
328,0.547553154980007,5,28
329,0.345117314944953,5,29
330,0.345117314944953,5,30
331,0.0,5,31
332,0.0,5,32
333,0.345117314944953,5,33
334,0.0,5,34
335,0.0,5,35
336,0.0,5,36
337,0.205592508185083,5,37
338,0.0,5,38
339,0.345117314944953,5,39
340,0.0,5,40
341,0.205592508185083,5,41
342,0.205592508185083,5,42
343,0.409633443977211,5,43
344,0.0,5,44
345,0.0,5,45
346,0.0,5,46
347,0.0,5,47
348,0.205592508185083,5,48
349,0.205592508185083,5,49
350,0.205592508185083,5,50
351,0.205592508185083,5,51
352,0.0,5,52
353,0.205592508185083,5,53
354,0.0,5,54
355,0.0,5,55
356,0.0,5,56
357,0.205592508185083,5,57
358,0.0,5,58
359,0.205592508185083,5,59
360,0.345117314944953,6,0
361,0.345117314944953,6,1
362,0.0,6,2
363,0.0,6,3
364,0.0,6,4
365,0.0,6,5
366,0.345117314944953,6,6
367,0.205592508185083,6,7
368,0.345117314944953,6,8
369,0.0,6,9
370,0.205592508185083,6,10
371,0.0,6,11
372,0.205592508185083,6,12
373,0.205592508185083,6,13
374,0.205592508185083,6,14
375,0.205592508185083,6,15
376,0.345117314944953,6,16
377,0.0,6,17
378,0.0,6,18
379,0.205592508185083,6,19
380,0.547553154980007,6,20
381,0.409633443977211,6,21
382,0.205592508185083,6,22
383,0.345117314944953,6,23
384,0.0,6,24
385,0.205592508185083,6,25
386,0.205592508185083,6,26
387,0.0,6,27
388,0.205592508185083,6,28
389,0.0,6,29
390,0.547553154980007,6,30
391,0.205592508185083,6,31
392,0.205592508185083,6,32
393,0.547553154980007,6,33
394,0.205592508185083,6,34
395,0.345117314944953,6,35
396,0.345117314944953,6,36
397,0.205592508185083,6,37
398,0.0,6,38
399,0.409633443977211,6,39
400,0.345117314944953,6,40
401,0.205592508185083,6,41
402,0.409633443977211,6,42
403,0.205592508185083,6,43
404,0.0,6,44
405,0.205592508185083,6,45
406,0.205592508185083,6,46
407,0.0,6,47
408,0.409633443977211,6,48
409,0.345117314944953,6,49
410,0.5547781633412736,6,50
411,0.345117314944953,6,51
412,0.547553154980007,6,52
413,0.409633443977211,6,53
414,0.409633443977211,6,54
415,0.409633443977211,6,55
416,0.659459211658581,6,56
417,0.547553154980007,6,57
418,0.6838104214057896,6,58
419,0.345117314944953,6,59
420,0.345117314944953,7,0
421,0.409633443977211,7,1
422,0.205592508185083,7,2
423,0.345117314944953,7,3
424,0.409633443977211,7,4
425,0.0,7,5
426,0.205592508185083,7,6
427,0.409633443977211,7,7
428,0.205592508185083,7,8
429,0.205592508185083,7,9
430,0.205592508185083,7,10
431,0.409633443977211,7,11
432,0.409633443977211,7,12
433,0.409633443977211,7,13
434,0.205592508185083,7,14
435,0.409633443977211,7,15
436,0.409633443977211,7,16
437,0.547553154980007,7,17
438,0.345117314944953,7,18
439,0.409633443977211,7,19
440,0.659459211658581,7,20
441,0.345117314944953,7,21
442,0.345117314944953,7,22
443,0.0,7,23
444,0.0,7,24
445,0.0,7,25
446,0.205592508185083,7,26
447,0.0,7,27
448,0.345117314944953,7,28
449,0.205592508185083,7,29
450,0.205592508185083,7,30
451,0.659459211658581,7,31
452,0.0,7,32
453,0.205592508185083,7,33
454,0.0,7,34
455,0.205592508185083,7,35
456,0.345117314944953,7,36
457,0.205592508185083,7,37
458,0.205592508185083,7,38
459,0.345117314944953,7,39
460,0.205592508185083,7,40
461,0.0,7,41
462,0.205592508185083,7,42
463,0.0,7,43
464,0.205592508185083,7,44
465,0.547553154980007,7,45
466,0.4586858162005403,7,46
467,0.409633443977211,7,47
468,0.409633443977211,7,48
469,0.409633443977211,7,49
470,0.547553154980007,7,50
471,0.4586858162005403,7,51
472,0.345117314944953,7,52
473,0.205592508185083,7,53
474,0.345117314944953,7,54
475,0.205592508185083,7,55
476,0.205592508185083,7,56
477,0.0,7,57
478,0.4586858162005403,7,58
479,0.409633443977211,7,59
480,0.7483265504380476,8,0
481,0.345117314944953,8,1
482,0.345117314944953,8,2
483,0.345117314944953,8,3
484,0.345117314944953,8,4
485,0.0,8,5
486,0.345117314944953,8,6
487,0.4586858162005403,8,7
488,0.345117314944953,8,8
489,0.4586858162005403,8,9
490,0.345117314944953,8,10
491,0.4586858162005403,8,11
492,0.547553154980007,8,12
493,0.547553154980007,8,13
494,0.345117314944953,8,14
495,0.205592508185083,8,15
496,0.345117314944953,8,16
497,0.345117314944953,8,17
498,0.345117314944953,8,18
499,0.345117314944953,8,19
500,0.345117314944953,8,20
501,0.345117314944953,8,21
502,0.547553154980007,8,22
503,0.205592508185083,8,23
504,0.345117314944953,8,24
505,0.345117314944953,8,25
506,0.345117314944953,8,26
507,0.205592508185083,8,27
508,0.345117314944953,8,28
509,0.4586858162005403,8,29
510,0.8346464646189742,8,30
511,0.409633443977211,8,31
512,0.409633443977211,8,32
513,0.409633443977211,8,33
514,0.547553154980007,8,34
515,0.409633443977211,8,35
516,0.409633443977211,8,36
517,0.409633443977211,8,37
518,0.409633443977211,8,38
519,0.547553154980007,8,39
520,0.7538275145266042,8,40
521,0.409633443977211,8,41
522,0.345117314944953,8,42
523,0.547553154980007,8,43
524,0.345117314944953,8,44
525,0.547553154980007,8,45
526,0.547553154980007,8,46
527,0.547553154980007,8,47
528,0.345117314944953,8,48
529,0.345117314944953,8,49
530,0.345117314944953,8,50
531,0.345117314944953,8,51
532,0.345117314944953,8,52
533,0.547553154980007,8,53
534,0.7483265504380476,8,54
535,0.547553154980007,8,55
536,0.547553154980007,8,56
537,0.547553154980007,8,57
538,0.547553154980007,8,58
539,0.547553154980007,8,59
540,0.8865703508911296,9,0
541,0.345117314944953,9,1
542,0.547553154980007,9,2
543,0.345117314944953,9,3
544,0.409633443977211,9,4
545,0.205592508185083,9,5
546,0.547553154980007,9,6
547,0.409633443977211,9,7
548,0.612069284012265,9,8
549,0.547553154980007,9,9
550,0.205592508185083,9,10
551,0.612069284012265,9,11
552,0.612069284012265,9,12
553,0.547553154980007,9,13
554,0.409633443977211,9,14
555,0.0,9,15
556,0.0,9,16
557,0.0,9,17
558,0.205592508185083,9,18
559,0.0,9,19
560,0.205592508185083,9,20
561,0.0,9,21
562,0.0,9,22
563,0.0,9,23
564,0.345117314944953,9,24
565,0.547553154980007,9,25
566,0.7939924338116537,9,26
567,0.547553154980007,9,27
568,0.6838104214057896,9,28
569,0.547553154980007,9,29
570,0.8865703508911296,9,30
571,0.7483265504380476,9,31
572,0.547553154980007,9,32
573,0.547553154980007,9,33
574,0.7483265504380476,9,34
575,0.7939924338116537,9,35
576,0.547553154980007,9,36
577,0.7939924338116537,9,37
578,0.7939924338116537,9,38
579,0.8828597725911205,9,39
580,0.8828597725911205,9,40
581,0.7939924338116537,9,41
582,0.659459211658581,9,42
583,0.7939924338116537,9,43
584,0.9023840604289702,9,44
585,0.7939924338116537,9,45
586,0.9912513992084369,9,46
587,0.7939924338116537,9,47
588,0.9912513992084369,9,48
589,0.7939924338116537,9,49
590,0.5547781633412736,9,50
591,0.5547781633412736,9,51
592,0.659459211658581,9,52
593,0.7939924338116537,9,53
594,0.8585085628439117,9,54
595,0.5547781633412736,9,55
596,0.8585085628439117,9,56
597,0.659459211658581,9,57
598,0.659459211658581,9,58
599,0.8585085628439117,9,59
600,0.9930999387910295,10,0
601,0.659459211658581,10,1
602,0.5547781633412736,10,2
603,0.7939924338116537,10,3
604,0.547553154980007,10,4
605,0.7939924338116537,10,5
606,0.659459211658581,10,6
607,1.0156026089556456,10,7
608,0.9912513992084369,10,8
609,0.4586858162005403,10,9
610,0.659459211658581,10,10
611,0.5547781633412736,10,11
612,0.659459211658581,10,12
613,0.7939924338116537,10,13
614,0.8585085628439117,10,14
615,0.8828597725911205,10,15
616,0.9023840604289702,10,16
617,0.5547781633412736,10,17
618,0.6838104214057896,10,18
619,1.097780987108337,10,19
620,0.6373874992221911,10,20
621,0.9510864799233876,10,21
622,0.8585085628439117,10,22
623,1.1221321968555455,10,23
624,0.8865703508911296,10,24
625,0.8865703508911296,10,25
626,1.0819672775704963,10,26
627,1.1221321968555455,10,27
628,1.2267221170437064,10,28
629,0.8865703508911296,10,29
630,0.9912513992084369,10,30
631,0.8585085628439117,10,31
632,1.0819672775704963,10,32
633,0.9912513992084369,10,33
634,1.0818761494413496,10,34
635,1.1221321968555455,10,35
636,1.0156026089556456,10,36
637,0.9912513992084369,10,37
638,0.7538275145266042,10,38
639,0.9640863283315679,10,39
640,1.0819672775704963,10,40
641,0.9912513992084369,10,41
642,0.9912513992084369,10,42
643,1.1221321968555455,10,43
644,0.9930999387910295,10,44
645,0.9912513992084369,10,45
646,1.0156026089556456,10,46
647,0.8828597725911205,10,47
648,1.0300433912983409,10,48
649,0.8585085628439117,10,49
650,0.8865703508911296,10,50
651,0.7939924338116537,10,51
652,0.7939924338116537,10,52
653,1.0300433912983409,10,53
654,0.9042326000115628,10,54
655,0.7939924338116537,10,55
656,1.0701171824542435,10,56
657,1.0331737299469321,10,57
658,0.8585085628439117,10,58
659,1.0331737299469321,10,59
660,1.2803204932011591,11,0
661,1.0819672775704963,11,1
662,1.0701171824542435,11,2
663,1.386351347323835,11,3
664,1.0156026089556456,11,4
665,1.0819672775704963,11,5
666,1.0156026089556456,11,6
667,1.1221321968555455,11,7
668,1.224606935730505,11,8
669,1.186557197758657,11,9
670,1.0331737299469321,11,10
671,1.224606935730505,11,11
672,1.2109084075058656,11,12
673,1.0976898589791901,11,13
674,0.9655272622660829,11,14
675,1.0300433912983409,11,15
676,1.0300433912983409,11,16
677,0.8346464646189742,11,17
678,0.8346464646189742,11,18
679,0.7538275145266042,11,19
680,1.0910034050828827,11,20
681,1.1555195341151407,11,21
682,1.0819672775704963,11,22
683,1.1555195341151407,11,23
684,1.156869339920509,11,24
685,1.1400457981819085,11,25
686,1.0819672775704963,11,26
687,1.186557197758657,11,27
688,1.2267221170437064,11,28
689,1.224606935730505,11,29
690,1.2615503882378163,11,30
691,1.0819672775704963,11,31
692,1.1589845212337102,11,32
693,0.9912513992084369,11,33
694,1.2615503882378163,11,34
695,1.2267221170437064,11,35
696,1.285901597985025,11,36
697,1.4139240238487814,11,37
698,1.186557197758657,11,38
699,1.447640684443725,11,39
700,1.0701171824542435,11,40
701,1.186557197758657,11,41
702,1.1589845212337102,11,42
703,1.0584546687309146,11,43
704,1.2615503882378163,11,44
705,1.1400457981819085,11,45
706,0.9912513992084369,11,46
707,1.2109084075058656,11,47
708,1.0701171824542435,11,48
709,1.1221321968555455,11,49
710,1.285901597985025,11,50
711,1.186557197758657,11,51
712,1.0300433912983409,11,52
713,1.3134742745099717,11,53
714,1.1221321968555455,11,54
715,1.186557197758657,11,55
716,1.2267221170437064,11,56
717,1.3134742745099717,11,57
718,1.097780987108337,11,58
719,1.224606935730505,11,59
720,1.3494078948165236,12,0
721,1.3494078948165236,12,1
722,1.2109084075058656,12,2
723,1.2109084075058656,12,3
724,1.0818761494413496,12,4
725,1.386351347323835,12,5
726,1.186557197758657,12,6
727,1.186557197758657,12,7
728,1.097780987108337,12,8
729,1.224606935730505,12,9
730,1.2615503882378163,12,10
731,1.097780987108337,12,11
732,0.9930999387910295,12,12
733,1.285901597985025,12,13
734,1.2109084075058656,12,14
735,0.9655272622660829,12,15
736,1.285901597985025,12,16
737,1.2267221170437064,12,17
738,1.0331737299469321,12,18
739,1.1589845212337102,12,19
740,1.0819672775704963,12,20
741,1.0701171824542435,12,21
742,1.0819672775704963,12,22
743,1.186557197758657,12,23
744,1.2803204932011591,12,24
745,1.1221321968555455,12,25
746,1.186557197758657,12,26
747,1.1589845212337102,12,27
748,1.285901597985025,12,28
749,1.3134742745099717,12,29
750,1.1589845212337102,12,30
751,1.3292879840478125,12,31
752,1.2733093552249222,12,32
753,1.1357395969510384,12,33
754,1.2615503882378163,12,34
755,1.1589845212337102,12,35
756,1.3981103143109408,12,36
757,1.2615503882378163,12,37
758,1.186557197758657,12,38
759,1.0701171824542435,12,39
760,1.1357395969510384,12,40
761,0.9930999387910295,12,41
762,1.0701171824542435,12,42
763,1.1589845212337102,12,43
764,1.186557197758657,12,44
765,1.3134742745099717,12,45
766,0.9655272622660829,12,46
767,1.1221321968555455,12,47
768,1.1357395969510384,12,48
769,1.0701171824542435,12,49
770,1.2803204932011591,12,50
771,1.2267221170437064,12,51
772,1.186557197758657,12,52
773,1.2267221170437064,12,53
774,1.1221321968555455,12,54
775,0.9912513992084369,12,55
776,0.9023840604289702,12,56
777,1.097780987108337,12,57
778,1.2109084075058656,12,58
779,0.9930999387910295,12,59
780,0.9912513992084369,13,0
781,1.2109084075058656,13,1
782,0.7939924338116537,13,2
783,1.1589845212337102,13,3
784,0.9640863283315679,13,4
785,0.7088356733321961,13,5
786,0.7538275145266042,13,6
787,1.0331737299469321,13,7
788,0.9042326000115628,13,8
789,0.8346464646189742,13,9
790,0.9042326000115628,13,10
791,0.9042326000115628,13,11
792,0.659459211658581,13,12
793,0.6373874992221911,13,13
794,0.659459211658581,13,14
795,0.8346464646189742,13,15
796,0.8865703508911296,13,16
797,0.7483265504380476,13,17
798,0.7939924338116537,13,18
799,0.7483265504380476,13,19
800,0.7939924338116537,13,20
801,0.7483265504380476,13,21
802,0.547553154980007,13,22
803,0.409633443977211,13,23
804,0.205592508185083,13,24
805,1.2803204932011591,13,25
806,1.2803204932011591,13,26
807,1.224606935730505,13,27
808,1.0910034050828827,13,28
809,1.1555195341151407,13,29
810,1.2615503882378163,13,30
811,1.386351347323835,13,31
812,1.2109084075058656,13,32
813,1.097780987108337,13,33
814,0.8865703508911296,13,34
815,0.9023840604289702,13,35
816,1.186557197758657,13,36
817,1.2267221170437064,13,37
818,1.2109084075058656,13,38
819,0.9930999387910295,13,39
820,0.9912513992084369,13,40
821,1.1589845212337102,13,41
822,1.224606935730505,13,42
823,1.2109084075058656,13,43
824,0.8585085628439117,13,44
825,1.0701171824542435,13,45
826,0.9930999387910295,13,46
827,1.186557197758657,13,47
828,1.2109084075058656,13,48
829,1.2267221170437064,13,49
830,1.3250566850693148,13,50
831,1.186557197758657,13,51
832,1.1589845212337102,13,52
833,1.1221321968555455,13,53
834,0.9655272622660829,13,54
835,1.285901597985025,13,55
836,1.186557197758657,13,56
837,1.2267221170437064,13,57
838,1.0701171824542435,13,58
839,1.186557197758657,13,59
840,1.2109084075058656,14,0
841,1.3134742745099717,14,1
842,1.097780987108337,14,2
843,1.097780987108337,14,3
844,1.1221321968555455,14,4
845,0.9655272622660829,14,5
846,1.186557197758657,14,6
847,1.0701171824542435,14,7
848,1.2109084075058656,14,8
849,1.1357395969510384,14,9
850,1.0331737299469321,14,10
851,1.2109084075058656,14,11
852,1.0819672775704963,14,12
853,1.3494078948165236,14,13
854,1.097780987108337,14,14
855,0.9655272622660829,14,15
856,1.0819672775704963,14,16
857,1.2615503882378163,14,17
858,1.156869339920509,14,18
859,1.3134742745099717,14,19
860,1.0701171824542435,14,20
861,1.3292879840478125,14,21
862,1.3134742745099717,14,22
863,1.2615503882378163,14,23
864,1.0976898589791901,14,24
865,1.3981103143109408,14,25
866,1.2203756367520073,14,26
867,1.2203756367520073,14,27
868,1.156869339920509,14,28
869,1.3250566850693148,14,29
870,1.186557197758657,14,30
871,1.4074757651586758,14,31
872,1.3134742745099717,14,32
873,1.3134742745099717,14,33
874,1.0701171824542435,14,34
875,1.0701171824542435,14,35
876,1.0331737299469321,14,36
877,1.285901597985025,14,37
878,1.3494078948165236,14,38
879,1.3134742745099717,14,39
880,1.2109084075058656,14,40
881,1.4139240238487814,14,41
882,1.4963431039381425,14,42
883,1.4139240238487814,14,43
884,1.4687704274131959,14,44
885,1.2803204932011591,14,45
886,1.3494078948165236,14,46
887,1.224606935730505,14,47
888,1.327145926588577,14,48
889,1.3250566850693148,14,49
890,1.2455547971375829,14,50
891,1.3250566850693148,14,51
892,1.2615503882378163,14,52
893,1.5277318665238087,14,53
894,1.3785532828283609,14,54
895,1.2267221170437064,14,55
896,1.2910357498542626,14,56
897,1.447640684443725,14,57
898,0.9042326000115628,14,58
899,1.5435455760616494,14,59
900,1.4845841369510366,15,0
901,1.5936135521699275,15,1
902,1.500691470839726,15,2
903,1.5764500368267187,15,3
904,1.4586444649084445,15,4
905,1.3134742745099717,15,5
906,1.3134742745099717,15,6
907,1.285901597985025,15,7
908,1.3134742745099717,15,8
909,1.2615503882378163,15,9
910,0.8865703508911296,15,10
911,0.9930999387910295,15,11
912,1.0156026089556456,15,12
913,1.0156026089556456,15,13
914,1.2615503882378163,15,14
915,1.3134742745099717,15,15
916,1.3494078948165236,15,16
917,1.4687704274131959,15,17
918,1.285901597985025,15,18
919,1.4029044925755696,15,19
920,1.2803204932011591,15,20
921,1.4029044925755696,15,21
922,1.4687704274131959,15,22
923,1.447640684443725,15,23
924,1.2203756367520073,15,24
925,1.386351347323835,15,25
926,1.4687704274131959,15,26
927,1.4592652606737815,15,27
928,1.327145926588577,15,28
929,1.3250566850693148,15,29
930,1.2803204932011591,15,30
931,1.1914531544216924,15,31
932,1.3250566850693148,15,32
933,1.3494078948165236,15,33
934,1.447640684443725,15,34
935,1.1357395969510384,15,35
936,1.327145926588577,15,36
937,1.3494078948165236,15,37
938,1.56467531903112,15,38
939,1.498809384193494,15,39
940,1.5371026425061736,15,40
941,1.630557004677239,15,41
942,1.5277318665238087,15,42
943,1.4139240238487814,15,43
944,1.1589845212337102,15,44
945,1.5277318665238087,15,45
946,1.4168465411410405,15,46
947,1.3461864280387856,15,47
948,1.4074757651586758,15,48
949,1.3981103143109408,15,49
950,1.3461864280387856,15,50
951,1.4963431039381425,15,51
952,1.3461864280387856,15,52
953,1.1589845212337102,15,53
954,1.3981103143109408,15,54
955,1.186557197758657,15,55
956,1.2615503882378163,15,56
957,1.5277318665238087,15,57
958,1.3250566850693148,15,58
959,1.386351347323835,15,59
960,1.3134742745099717,16,0
961,1.2109084075058656,16,1
962,1.3134742745099717,16,2
963,1.186557197758657,16,3
964,0.9930999387910295,16,4
965,0.9023840604289702,16,5
966,1.2803204932011591,16,6
967,0.9655272622660829,16,7
968,1.0819672775704963,16,8
969,0.9640863283315679,16,9
970,0.9640863283315679,16,10
971,1.0300433912983409,16,11
972,1.1555195341151407,16,12
973,1.224606935730505,16,13
974,1.1914531544216924,16,14
975,1.0819672775704963,16,15
976,1.0910034050828827,16,16
977,0.9510864799233876,16,17
978,0.9042326000115628,16,18
979,0.9042326000115628,16,19
980,0.659459211658581,16,20
981,1.327145926588577,16,21
982,1.0331737299469321,16,22
983,1.0910034050828827,16,23
984,0.7706290693639405,16,24
985,1.0819672775704963,16,25
986,0.9912513992084369,16,26
987,0.8346464646189742,16,27
988,1.224606935730505,16,28
989,1.0976898589791901,16,29
990,1.0819672775704963,16,30
991,1.386351347323835,16,31
992,1.285901597985025,16,32
993,1.3785532828283609,16,33
994,1.285901597985025,16,34
995,1.3250566850693148,16,35
996,1.3134742745099717,16,36
997,1.4029044925755696,16,37
998,1.2733093552249222,16,38
999,1.2109084075058656,16,39
1000,1.3981103143109408,16,40
1001,1.2267221170437064,16,41
1002,1.0819672775704963,16,42
1003,1.386351347323835,16,43
1004,1.386351347323835,16,44
1005,1.4963431039381425,16,45
1006,1.3250566850693148,16,46
1007,1.4139240238487814,16,47
1008,1.2297464127343725,16,48
1009,1.2297464127343725,16,49
1010,1.4168465411410405,16,50
1011,1.186557197758657,16,51
1012,1.2203756367520073,16,52
1013,1.4139240238487814,16,53
1014,1.156869339920509,16,54
1015,1.3461864280387856,16,55
1016,0.9930999387910295,16,56
1017,1.3134742745099717,16,57
1018,1.3134742745099717,16,58
1019,1.2615503882378163,16,59
1020,1.2738722345110536,17,0
1021,1.0818761494413496,17,1
1022,1.186557197758657,17,2
1023,1.3461864280387856,17,3
1024,1.447640684443725,17,4
1025,1.2769435597232492,17,5
1026,1.447640684443725,17,6
1027,1.2615503882378163,17,7
1028,1.2733093552249222,17,8
1029,1.285901597985025,17,9
1030,1.2267221170437064,17,10
1031,1.0818761494413496,17,11
1032,1.186557197758657,17,12
1033,1.0819672775704963,17,13
1034,1.0819672775704963,17,14
1035,1.0819672775704963,17,15
1036,0.8828597725911205,17,16
1037,0.7483265504380476,17,17
1038,0.7483265504380476,17,18
1039,0.547553154980007,17,19
1040,0.6838104214057896,17,20
1041,0.345117314944953,17,21
1042,0.547553154980007,17,22
1043,0.345117314944953,17,23
1044,0.21084230031853213,17,24
1045,1.5077577608066894,17,25
1046,1.5979090698087535,17,26
1047,1.528368899209021,17,27
1048,1.5651407133456023,17,28
1049,1.4464643745207932,17,29
1050,1.590131201194239,17,30
1051,1.4613005461074873,17,31
1052,1.3829457416591304,17,32
1053,1.648199470591429,17,33
1054,1.6159889779043453,17,34
1055,1.590131201194239,17,35
1056,1.3992075416402177,17,36
1057,1.7049255848926688,17,37
1058,1.6955038379365135,17,38
1059,1.5193968934119408,17,39
1060,1.5077577608066894,17,40
1061,1.4891353321499976,17,41
1062,1.6341791637991103,17,42
1063,1.3593308322365363,17,43
1064,1.4135819199522097,17,44
1065,1.5602636729586166,17,45
1066,1.3405071628991212,17,46
1067,1.4538506980514574,17,47
1068,1.3234669541469457,17,48
1069,1.4265732850165125,17,49
1070,1.6395862451836645,17,50
1071,1.6395862451836645,17,51
1072,1.6153243562732233,17,52
1073,1.6063789506562658,17,53
1074,1.690240172266613,17,54
1075,1.7153003725874303,17,55
1076,1.5193968934119408,17,56
1077,1.7049255848926688,17,57
1078,1.5651407133456023,17,58
1079,1.5193308322365362,17,59
1080,1.5473556897883658,18,0
1081,1.6577427265048887,18,1
1082,1.5473556897883658,18,2
1083,1.5193308322365362,18,3
1084,1.4536769856038911,18,4
1085,1.6577427265048887,18,5
1086,1.5715206744101833,18,6
1087,1.6341791637991103,18,7
1088,1.525655941726459,18,8
1089,1.6553962296100682,18,9
1090,1.6341791637991103,18,10
1091,1.7153003725874303,18,11
1092,1.6395862451836645,18,12
1093,1.682002801766133,18,13
1094,1.6577427265048887,18,14
1095,1.4097590668037259,18,15
1096,1.7283192288945832,18,16
1097,1.7380616187463653,18,17
1098,1.7153003725874303,18,18
1099,1.6743986930257637,18,19
1100,1.606536745529688,18,20
1101,1.6743986930257637,18,21
1102,1.458618550884106,18,22
1103,1.6063789506562658,18,23
1104,1.3992075416402177,18,24
1105,1.6395862451836645,18,25
1106,1.7049255848926688,18,26
1107,1.606536745529688,18,27
1108,1.6395862451836645,18,28
1109,1.682002801766133,18,29
1110,1.6577427265048887,18,30
1111,1.590131201194239,18,31
1112,1.6395862451836645,18,32
1113,1.6743986930257637,18,33
1114,1.6159889779043453,18,34
1115,1.5602636729586166,18,35
1116,1.590131201194239,18,36
1117,1.6553962296100682,18,37
1118,1.7283192288945832,18,38
1119,1.5602636729586166,18,39
1120,1.6395862451836645,18,40
1121,1.5602636729586166,18,41
1122,1.6503452842745279,18,42
1123,1.7049255848926688,18,43
1124,1.6985703419282046,18,44
1125,1.7049255848926688,18,45
1126,1.5993308322365363,18,46
1127,1.5993308322365363,18,47
1128,1.682002801766133,18,48
1129,1.648199470591429,18,49
1130,1.5799699313156343,18,50
1131,1.458618550884106,18,51
1132,1.5799699313156343,18,52
1133,1.6063789506562658,18,53
1134,1.6395862451836645,18,54
1135,1.5487949406953985,18,55
1136,1.590131201194239,18,56
1137,1.2597218324096136,18,57
1138,1.5193308322365362,18,58
1139,1.4751648282981122,18,59
1140,1.4613005461074873,19,0
1141,1.4613005461074873,19,1
1142,1.4135819199522097,19,2
1143,1.5651407133456023,19,3
1144,1.5797218324096136,19,4
1145,1.515336213432141,19,5
1146,1.3829457416591304,19,6
1147,1.590131201194239,19,7
1148,1.3709505944546687,19,8
1149,1.5797218324096136,19,9
1150,1.492754192030965,19,10
1151,1.4751648282981122,19,11
1152,1.648199470591429,19,12
1153,1.4613005461074873,19,13
1154,1.5797218324096136,19,14
1155,1.528368899209021,19,15
1156,1.3709505944546687,19,16
1157,1.2142952630807209,19,17
1158,1.515336213432141,19,18
1159,1.648199470591429,19,19
1160,1.3593308322365363,19,20
1161,1.590131201194239,19,21
1162,1.528368899209021,19,22
1163,1.4891353321499976,19,23
1164,1.5651407133456023,19,24
1165,1.5651407133456023,19,25
1166,1.383866329597683,19,26
1167,1.542242258969757,19,27
1168,1.492754192030965,19,28
1169,1.2987949406953985,19,29
1170,1.5651407133456023,19,30
1171,1.682002801766133,19,31
1172,1.648199470591429,19,32
1173,1.648199470591429,19,33
1174,1.3593308322365363,19,34
1175,1.4891353321499976,19,35
1176,1.6153243562732233,19,36
1177,1.6503452842745279,19,37
1178,1.5799699313156343,19,38
1179,1.492754192030965,19,39
1180,1.492754192030965,19,40
1181,1.542242258969757,19,41
1182,1.5651407133456023,19,42
1183,1.4135819199522097,19,43
1184,1.5993308322365363,19,44
1185,1.5651407133456023,19,45
1186,1.590131201194239,19,46
1187,1.5651407133456023,19,47
1188,1.3260875253642983,19,48
1189,1.3260875253642983,19,49
1190,1.5993308322365363,19,50
1191,1.590131201194239,19,51
1192,1.5487949406953985,19,52
1193,1.6153243562732233,19,53
1194,1.5077577608066894,19,54
1195,1.5367918955052844,19,55
1196,1.3491826432523002,19,56
1197,1.2410106928656974,19,57
1198,1.4336624542334844,19,58
1199,1.2987949406953985,19,59
1200,1.2799749139041574,20,0
1201,1.3234669541469457,20,1
1202,1.324344026199031,20,2
1203,1.515336213432141,20,3
1204,1.4210295023052195,20,4
1205,1.528368899209021,20,5
1206,1.3260875253642983,20,6
1207,1.4265732850165125,20,7
1208,1.5797218324096136,20,8
1209,1.6341791637991103,20,9
1210,1.5367918955052844,20,10
1211,1.528368899209021,20,11
1212,1.4336624542334844,20,12
1213,1.4135819199522097,20,13
1214,1.590131201194239,20,14
1215,1.5651407133456023,20,15
1216,1.4891353321499976,20,16
1217,1.590131201194239,20,17
1218,1.590131201194239,20,18
1219,1.6063789506562658,20,19
1220,1.528368899209021,20,20
1221,1.5193968934119408,20,21
1222,1.553415107256423,20,22
1223,1.682002801766133,20,23
1224,1.5602636729586166,20,24
1225,1.5602636729586166,20,25
1226,1.5602636729586166,20,26
1227,1.542242258969757,20,27
1228,1.5797218324096136,20,28
1229,1.542242258969757,20,29
1230,1.515336213432141,20,30
1231,1.5193308322365362,20,31
1232,1.648199470591429,20,32
1233,1.3593308322365363,20,33
1234,1.4210295023052195,20,34
1235,1.492754192030965,20,35
1236,1.2142952630807209,20,36
1237,1.267931645520725,20,37
1238,1.528368899209021,20,38
1239,1.341097121631489,20,39
1240,1.4538506980514574,20,40
1241,1.4210295023052195,20,41
1242,1.542242258969757,20,42
1243,1.3976931442604226,20,43
1244,1.341097121631489,20,44
1245,1.3260875253642983,20,45
1246,1.0488412604661608,20,46
1247,1.383866329597683,20,47
1248,1.542242258969757,20,48
1249,1.4135819199522097,20,49
1250,1.267931645520725,20,50
1251,1.5651407133456023,20,51
1252,1.5993308322365363,20,52
1253,1.4891353321499976,20,53
1254,1.590131201194239,20,54
1255,1.5651407133456023,20,55
1256,1.648199470591429,20,56
1257,1.5993308322365363,20,57
1258,1.648199470591429,20,58
1259,1.6153243562732233,20,59
1260,1.553415107256423,21,0
1261,1.4764892117991655,21,1
1262,1.515336213432141,21,2
1263,1.341097121631489,21,3
1264,1.5193308322365362,21,4
1265,1.4613005461074873,21,5
1266,1.492754192030965,21,6
1267,1.5993308322365363,21,7
1268,1.528368899209021,21,8
1269,1.5651407133456023,21,9
1270,1.383866329597683,21,10
1271,1.515336213432141,21,11
1272,1.492754192030965,21,12
1273,1.4135819199522097,21,13
1274,1.4135819199522097,21,14
1275,1.528368899209021,21,15
1276,1.3976931442604226,21,16
1277,1.4751648282981122,21,17
1278,1.3234669541469457,21,18
1279,1.4613005461074873,21,19
1280,1.2799376545731964,21,20
1281,1.4135819199522097,21,21
1282,1.4613005461074873,21,22
1283,1.383866329597683,21,23
1284,1.2158749624422405,21,24
1285,1.528368899209021,21,25
1286,1.515336213432141,21,26
1287,1.492754192030965,21,27
1288,1.5993308322365363,21,28
1289,1.4751648282981122,21,29
1290,1.5651407133456023,21,30
1291,1.590131201194239,21,31
1292,1.4613005461074873,21,32
1293,1.4135819199522097,21,33
1294,1.4135819199522097,21,34
1295,1.341097121631489,21,35
1296,1.4538506980514574,21,36
1297,1.4751648282981122,21,37
1298,1.4210295023052195,21,38
1299,1.3260875253642983,21,39
1300,1.3976931442604226,21,40
1301,1.3012517848198515,21,41
1302,1.383866329597683,21,42
1303,1.383866329597683,21,43
1304,1.267931645520725,21,44
1305,1.3159669973441042,21,45
1306,1.2158749624422405,21,46
1307,1.4751648282981122,21,47
1308,1.4210295023052195,21,48
1309,1.341097121631489,21,49
1310,1.4538506980514574,21,50
1311,1.383866329597683,21,51
1312,1.4135819199522097,21,52
1313,1.2640886121123147,21,53
1314,1.2640886121123147,21,54
1315,1.2987949406953985,21,55
1316,1.4613005461074873,21,56
1317,1.3491826432523002,21,57
1318,1.4536769856038911,21,58
1319,1.590131201194239,21,59
1320,1.542242258969757,22,0
1321,1.4891353321499976,22,1
1322,1.4464643745207932,22,2
1323,1.5651407133456023,22,3
1324,1.4891353321499976,22,4
1325,1.3234669541469457,22,5
1326,1.5193308322365362,22,6
1327,1.3234669541469457,22,7
1328,1.3234669541469457,22,8
1329,1.2987949406953985,22,9
1330,1.2410106928656974,22,10
1331,1.5367918955052844,22,11
1332,1.6159889779043453,22,12
1333,1.5473556897883658,22,13
1334,1.2597218324096136,22,14
1335,1.4135819199522097,22,15
1336,1.5367918955052844,22,16
1337,1.4891353321499976,22,17
1338,1.5193968934119408,22,18
1339,1.383866329597683,22,19
1340,1.492754192030965,22,20
1341,1.528368899209021,22,21
1342,1.4336624542334844,22,22
1343,1.4751648282981122,22,23
1344,1.5077577608066894,22,24
1345,1.4891353321499976,22,25
1346,1.4210295023052195,22,26
1347,1.2987949406953985,22,27
1348,1.492754192030965,22,28
1349,1.2987949406953985,22,29
1350,1.515336213432141,22,30
1351,1.5651407133456023,22,31
1352,1.515336213432141,22,32
1353,1.2799376545731964,22,33
1354,1.528368899209021,22,34
1355,1.2158749624422405,22,35
1356,1.4210295023052195,22,36
1357,1.4210295023052195,22,37
1358,1.492754192030965,22,38
1359,1.4613005461074873,22,39
1360,1.492754192030965,22,40
1361,1.528368899209021,22,41
1362,1.4891353321499976,22,42
1363,1.515336213432141,22,43
1364,1.2987949406953985,22,44
1365,1.515336213432141,22,45
1366,1.515336213432141,22,46
1367,1.3593308322365363,22,47
1368,1.515336213432141,22,48
1369,1.4891353321499976,22,49
1370,1.5651407133456023,22,50
1371,1.528368899209021,22,51
1372,1.4764892117991655,22,52
1373,1.4764892117991655,22,53
1374,1.4751648282981122,22,54
1375,1.515336213432141,22,55
1376,1.4265732850165125,22,56
1377,1.515336213432141,22,57
1378,1.3260875253642983,22,58
1379,1.3593308322365363,22,59
1380,1.3709505944546687,23,0
1381,1.4135819199522097,23,1
1382,1.4891353321499976,23,2
1383,1.492754192030965,23,3
1384,1.3012517848198515,23,4
1385,1.4891353321499976,23,5
1386,1.4891353321499976,23,6
1387,1.4764892117991655,23,7
1388,1.4613005461074873,23,8
1389,1.3260875253642983,23,9
1390,1.4751648282981122,23,10
1391,1.5797218324096136,23,11
1392,1.515336213432141,23,12
1393,1.5651407133456023,23,13
1394,1.3234669541469457,23,14
1395,1.3829457416591304,23,15
1396,1.3260875253642983,23,16
1397,1.542242258969757,23,17
1398,1.4135819199522097,23,18
1399,1.5651407133456023,23,19
1400,1.515336213432141,23,20
1401,1.682002801766133,23,21
1402,1.4355205042826666,23,22
1403,1.5193308322365362,23,23
1404,1.4135819199522097,23,24
1405,1.5799699313156343,23,25
1406,1.3976931442604226,23,26
1407,1.3260875253642983,23,27
1408,1.492754192030965,23,28
1409,1.5993308322365363,23,29
1410,1.383866329597683,23,30
1411,1.341097121631489,23,31
1412,1.4210295023052195,23,32
1413,1.3260875253642983,23,33
1414,1.4613005461074873,23,34
1415,1.4764892117991655,23,35
1416,1.1770225546116342,23,36
1417,1.1770225546116342,23,37
1418,1.528368899209021,23,38
1419,1.528368899209021,23,39
1420,1.2640886121123147,23,40
1421,1.4613005461074873,23,41
1422,1.4538506980514574,23,42
1423,1.528368899209021,23,43
1424,1.341097121631489,23,44
1425,1.3976931442604226,23,45
1426,1.5993308322365363,23,46
1427,1.528368899209021,23,47
1428,1.528368899209021,23,48
1429,1.3260875253642983,23,49
1430,1.6153243562732233,23,50
1431,1.4613005461074873,23,51
1432,1.4613005461074873,23,52
1433,1.2987949406953985,23,53
1434,1.5797218324096136,23,54
1435,1.515336213432141,23,55
1436,1.3260875253642983,23,56
1437,1.3633800759802648,23,57
1438,1.4210295023052195,23,58
1439,1.3633800759802648,23,59
