ticker,sector,pe_ratio,forward_pe,price_to_book,price_to_sales,ev_to_ebitda,roe,roa,gross_margin,operating_margin,net_margin,debt_to_equity,total_debt,current_ratio,quick_ratio,revenue_growth,earnings_growth,eps_trailing,eps_forward,market_cap,beta,dividend_yield,name,return_1y,spy_return,outperformer
AAPL,Information Technology,32.6808,27.7168,43.0985,8.7221,24.495,1.5202,0.2438,0.4733,0.3537,0.2704,102.63,90509000704.0,0.974,0.845,0.157,0.183,7.91,9.3267,3799487348736.0,1.109,0.41,Apple Inc.,0.5056,0.37752618629064716,1
MSFT,Information Technology,23.6913,20.0774,7.1909,9.2061,15.967,0.3439,0.1486,0.6859,0.4709,0.3904,31.539,123278000128.0,1.386,1.239,0.167,0.598,15.97,18.8446,2812040183808.0,1.107,0.98,Microsoft Corporation,0.0761,0.37752618629064716,0
NVDA,Information Technology,37.0867,16.3475,28.0786,20.4541,32.1,1.0149,0.5119,0.7107,0.6502,0.556,7.255,11411999744.0,3.905,3.141,0.732,0.956,4.9,11.1164,4416826507264.0,2.335,0.02,NVIDIA Corporation,0.8878,0.37752618629064716,1
AVGO,Information Technology,67.9961,19.5913,20.7234,24.2681,43.88,0.3337,0.1066,0.7673,0.4494,0.3657,82.704,66056998912.0,1.902,1.671,0.295,0.316,5.14,17.8396,1657075138560.0,1.253,0.83,Broadcom Inc.,1.2589,0.37752618629064716,1
ORCL,Information Technology,26.0996,18.2336,12.4614,6.5251,19.69,0.5757,0.0634,0.6708,0.3268,0.253,415.265,162164998144.0,1.347,1.224,0.217,0.245,5.57,7.9729,418105196544.0,1.597,1.4,Oracle Corporation,0.1809,0.37752618629064716,0
CRM,Information Technology,23.4358,12.2501,2.8677,4.1195,14.107,0.124,0.0518,0.7768,0.1924,0.1796,29.947,17710999552.0,0.76,0.644,0.121,0.179,7.79,14.9032,171063410688.0,1.288,0.96,"Salesforce, Inc.",-0.2465,0.37752618629064716,0
AMD,Information Technology,89.3793,21.6302,6.0357,10.9802,52.578,0.0708,0.032,0.5249,0.1706,0.1252,6.359,4006000128.0,2.85,1.784,0.341,2.171,2.61,10.7849,380342239232.0,1.963,,"Advanced Micro Devices, Inc.",1.9841,0.37752618629064716,1
INTC,Information Technology,,58.2769,2.5564,5.5575,22.644,0.0002,0.0028,0.3656,0.0514,-0.005,37.282,47109001216.0,2.017,1.307,-0.041,,-0.06,1.0038,293729599488.0,1.349,,Intel Corporation,2.2267,0.37752618629064716,1
QCOM,Information Technology,25.4073,11.364,5.866,2.9999,9.836,0.2148,0.1405,0.551,0.2747,0.1196,64.218,14817000448.0,2.505,1.626,0.05,-0.018,4.96,11.0894,134595043328.0,1.279,2.87,QUALCOMM Incorporated,0.0348,0.37752618629064716,0
TXN,Information Technology,37.9633,26.1614,11.5316,10.6535,23.765,0.3015,0.1092,0.5702,0.3403,0.2828,90.819,14778999808.0,4.353,2.708,0.104,-0.032,5.45,7.9086,188374859776.0,0.994,2.84,Texas Instruments Incorporated,0.4619,0.37752618629064716,1
UNH,Health Care,23.1183,15.214,2.9445,0.6203,15.805,0.1254,0.039,0.1853,0.0034,0.0269,81.618,83003998208.0,0.788,0.704,0.123,-0.999,13.23,20.1035,277617213440.0,0.408,2.87,UnitedHealth Group Incorporated,-0.4314,0.37752618629064716,0
JNJ,Health Care,21.6902,19.043,7.071,6.1265,17.844,0.3503,0.0868,0.6808,0.2397,0.2846,60.499,49332998144.0,1.028,0.689,0.091,0.486,11.04,12.5747,577074429952.0,0.329,2.18,Johnson & Johnson,0.6407,0.37752618629064716,1
LLY,Health Care,41.81,22.7609,32.2863,13.1474,27.402,1.0116,0.1942,0.8304,0.449,0.3167,165.31,43865001984.0,1.579,0.777,0.426,0.514,22.9,42.0655,856935694336.0,0.504,0.67,Eli Lilly and Company,0.3286,0.37752618629064716,0
ABBV,Health Care,89.038,13.0939,-114.0649,6.1028,14.633,62.25,0.0981,0.7162,0.3411,0.0691,,68400001024.0,0.671,0.412,0.1,,2.37,16.1159,373244231680.0,0.364,3.35,AbbVie Inc.,0.2416,0.37752618629064716,0
MRK,Health Care,16.8716,12.5551,5.7778,4.6711,11.37,0.3688,0.1204,0.7721,0.3277,0.2808,95.959,50533998592.0,1.536,0.963,0.05,-0.193,7.28,9.7829,303671541760.0,0.275,2.85,"Merck & Company, Inc.",0.6119,0.37752618629064716,1
TMO,Health Care,28.3104,18.648,3.5339,4.1826,19.144,0.1302,0.0503,0.4108,0.2117,0.1505,77.255,41358999552.0,1.89,1.361,0.072,0.093,17.72,26.9015,186358792192.0,0.972,0.36,Thermo Fisher Scientific Inc,0.2008,0.37752618629064716,0
ABT,Health Care,27.8414,16.9676,3.4503,4.06,15.19,0.1296,0.0663,0.5666,0.2162,0.1472,26.787,14136000512.0,1.576,1.023,0.044,-0.809,3.72,6.104,179971817472.0,0.782,2.47,Abbott Laboratories,-0.1487,0.37752618629064716,0
DHR,Health Care,39.1275,21.5777,2.643,5.658,19.165,0.0705,0.0418,0.5923,0.2217,0.1471,37.487,19696001024.0,1.874,1.398,0.046,0.125,5.02,9.1029,139006312448.0,0.986,0.84,Danaher Corporation,0.1322,0.37752618629064716,0
BMY,Health Care,16.9754,9.5653,6.4736,2.4883,8.056,0.4044,0.1029,0.7262,0.2816,0.1464,254.982,47187001344.0,1.255,1.076,0.013,13.921,3.46,6.1404,119921328128.0,0.273,4.37,Bristol-Myers Squibb Company,0.162,0.37752618629064716,0
AMGN,Health Care,24.534,15.0164,21.7568,5.1281,13.817,1.061,0.0793,0.7078,0.3055,0.2098,640.275,55435001856.0,1.14,0.734,0.086,1.121,14.25,23.2819,188463431680.0,0.465,2.96,Amgen Inc.,0.2866,0.37752618629064716,0
BRK-B,Financials,15.4151,21.9902,0.001,2.7775,-2.125,0.0981,0.0511,0.2615,0.3296,0.1803,18.809,135370997760.0,7.067,6.623,-0.007,-0.025,31.03,21.752,1031696023552.0,0.699,,Berkshire Hathaway Inc. New,-0.0292,0.37752618629064716,0
JPM,Financials,15.3412,13.1978,2.4186,4.9237,,0.1613,0.0135,0.0,0.4106,0.3391,,1025994981376.0,,,0.025,-0.036,20.02,23.2714,828339585024.0,1.043,2.02,JP Morgan Chase & Co.,0.4436,0.37752618629064716,1
V,Financials,29.0526,21.2809,15.4442,14.4127,20.08,0.5395,0.1836,0.9778,0.683,0.5023,54.612,21176999936.0,1.111,0.725,0.146,0.174,10.65,14.5393,596554743808.0,0.799,0.88,Visa Inc.,0.0112,0.37752618629064716,0
MA,Financials,30.8705,22.5162,58.9658,13.888,22.205,2.0991,0.2372,1.0,0.5773,0.4565,256.042,19832999936.0,1.035,0.681,0.176,0.242,16.53,22.6633,455402029056.0,0.831,0.69,Mastercard Incorporated,0.0693,0.37752618629064716,0
BAC,Financials,13.5827,10.3827,1.3462,3.4573,,0.1022,0.0091,0.0,0.4163,0.284,,767072010240.0,,,0.072,0.212,3.81,4.9842,371393298432.0,1.237,2.23,Bank of America Corporation,0.5106,0.37752618629064716,1
WFC,Financials,13.5304,10.686,1.5923,3.2652,,0.1173,0.0105,0.0,0.2994,0.2666,,443507998720.0,,,0.05,0.131,6.26,7.9262,261353324544.0,1.056,2.2,Wells Fargo & Company,0.3942,0.37752618629064716,1
GS,Financials,17.5726,13.8374,2.5304,4.5066,,0.1386,0.0099,0.8288,0.3832,0.2892,596.073,747582980096.0,1.528,1.376,0.152,0.173,51.33,65.1856,267671879680.0,1.311,2.08,"Goldman Sachs Group, Inc. (The)",0.9918,0.37752618629064716,1
MS,Financials,17.2116,14.1662,2.7301,3.9699,,0.1561,0.0129,0.8706,0.3862,0.2399,455.747,513408008192.0,2.053,1.673,0.11,0.207,10.21,12.4049,279034658816.0,1.182,2.37,Morgan Stanley,0.7989,0.37752618629064716,1
BLK,Financials,28.5248,16.4637,2.7915,6.4621,16.051,0.1072,0.0347,0.4671,0.3674,0.2293,24.367,14995999744.0,2.039,1.46,0.234,-0.317,35.27,61.1085,156485681152.0,1.493,2.39,"BlackRock, Inc.",0.2588,0.37752618629064716,0
AXP,Financials,20.5267,15.6718,6.4698,3.2366,,0.3399,0.0379,0.6347,0.1746,0.1617,190.921,63908999168.0,1.405,1.391,0.106,0.166,15.38,20.1444,216764055552.0,1.133,1.24,American Express Company,0.3787,0.37752618629064716,1
AMZN,Consumer Discretionary,31.0419,23.6625,5.8022,3.328,16.128,0.2229,0.0693,0.5029,0.1053,0.1083,43.435,178546999296.0,1.051,0.844,0.136,0.05,7.16,9.3929,2385943461888.0,1.383,,"Amazon.com, Inc.",0.3036,0.37752618629064716,0
TSLA,Consumer Discretionary,325.7849,124.0344,15.9195,13.7942,121.124,0.0493,0.0209,0.1803,0.047,0.04,17.763,14718999552.0,2.164,1.538,-0.031,-0.606,1.07,2.8104,1308059893760.0,1.915,,"Tesla, Inc.",0.5709,0.37752618629064716,1
HD,Consumer Discretionary,23.5995,20.5761,26.0871,2.0296,15.274,1.4554,0.1298,0.3332,0.1008,0.086,514.392,65908998144.0,1.061,0.215,-0.038,-0.142,14.22,16.3094,334246510592.0,1.085,2.92,"Home Depot, Inc. (The)",0.0263,0.37752618629064716,0
MCD,Consumer Discretionary,25.5113,21.2211,-121.0242,8.0919,18.543,,0.1351,0.5741,0.4507,0.3185,,54829998080.0,0.955,0.743,0.097,0.082,11.95,14.3659,217549438976.0,0.532,2.44,McDonald's Corporation,0.0399,0.37752618629064716,0
NKE,Consumer Discretionary,28.352,22.0763,4.5282,1.3718,17.169,0.1602,0.052,0.4092,0.0694,0.0484,79.333,11178000384.0,2.139,1.239,0.001,-0.348,1.52,1.9521,63818829824.0,1.319,3.84,"Nike, Inc.",-0.1703,0.37752618629064716,0
LOW,Consumer Discretionary,20.5578,17.8416,-13.7928,1.5851,13.985,,0.1312,0.3348,0.0856,0.0771,,44677001216.0,1.077,0.106,0.109,-0.11,11.86,13.6656,136768389120.0,0.965,2.07,"Lowe's Companies, Inc.",0.175,0.37752618629064716,0
SBUX,Consumer Discretionary,80.6,32.7503,-13.1342,2.9228,24.611,,0.0687,0.2217,0.0926,0.0363,,25488199680.0,1.047,0.419,0.055,-0.625,1.2,2.9533,110193090560.0,0.944,2.6,Starbucks Corporation,0.2472,0.37752618629064716,0
TGT,Consumer Discretionary,14.9877,14.3197,3.4135,0.5266,8.539,0.2403,0.0526,0.2793,0.0491,0.0354,125.518,20290000896.0,0.942,0.344,-0.015,-0.05,8.13,8.5093,55180451840.0,1.032,3.82,Target Corporation,0.4356,0.37752618629064716,1
BKNG,Consumer Discretionary,27.6035,14.5998,-1.0449,5.3756,13.8,,0.2082,0.8736,0.3245,0.2008,,19413999616.0,1.333,1.259,0.16,0.384,6.62,12.5162,144695803904.0,1.198,0.91,Booking Holdings Inc. Common St,0.1059,0.37752618629064716,0
CMG,Consumer Discretionary,29.7237,24.9154,15.6152,3.7571,19.767,0.4736,0.1388,0.401,0.1521,0.1288,179.319,5075813888.0,1.235,1.092,0.049,0.04,1.14,1.36,44805390336.0,1.064,,"Chipotle Mexican Grill, Inc.",-0.2628,0.37752618629064716,0
GOOGL,Communication Services,29.5643,23.7973,9.3031,9.5972,24.207,0.3571,0.1543,0.5965,0.3157,0.3281,16.133,66995998720.0,2.005,1.847,0.18,0.311,10.81,13.4297,3866080313344.0,1.128,0.27,Alphabet Inc.,1.2183,0.37752618629064716,1
META,Communication Services,26.7609,17.4558,7.3114,7.9022,14.31,0.3024,0.1621,0.82,0.4131,0.3008,39.164,85080997888.0,2.599,2.423,0.238,0.107,23.46,35.9658,1588080148480.0,1.309,0.37,"Meta Platforms, Inc.",0.2363,0.37752618629064716,0
NFLX,Communication Services,39.3004,25.8038,15.7725,9.3347,31.124,0.4276,0.1525,0.4849,0.2454,0.243,63.782,16975837184.0,1.186,1.061,0.176,0.327,2.53,3.8533,421771083776.0,1.669,,"Netflix, Inc.",0.1435,0.37752618629064716,0
DIS,Communication Services,14.5508,13.4569,1.6176,1.8305,11.197,0.1202,0.0437,0.3728,0.1536,0.128,40.909,46640001024.0,0.669,0.545,0.052,-0.043,6.79,7.342,175210643456.0,1.441,1.57,Walt Disney Company (The),0.2227,0.37752618629064716,0
CMCSA,Communication Services,5.166,7.2224,1.0357,0.8202,5.315,0.2141,0.0479,0.7175,0.1079,0.1617,107.863,105032998912.0,0.882,0.697,0.012,-0.525,5.39,3.8554,101464244224.0,0.79,4.75,Comcast Corporation,-0.0555,0.37752618629064716,0
T,Communication Services,8.9539,10.6968,1.7331,1.5166,8.037,0.188,0.0407,0.5955,0.1842,0.1747,124.179,159560007680.0,0.906,0.605,0.036,-0.056,3.04,2.5447,190555701248.0,0.539,3.96,AT&T Inc.,0.0762,0.37752618629064716,0
VZ,Communication Services,11.617,8.9757,1.9041,1.4395,7.443,0.1707,0.0501,0.5907,0.2099,0.1243,174.78,184813993984.0,0.913,0.74,0.02,-0.533,4.06,5.2547,198927073280.0,0.27,5.82,Verizon Communications Inc.,0.1949,0.37752618629064716,0
TMUS,Communication Services,20.5427,14.2207,3.7372,2.5316,10.329,0.1818,0.0568,0.6317,0.1837,0.1245,208.851,123646001152.0,0.998,0.669,0.113,-0.266,9.73,14.0556,223567101952.0,0.422,2.05,"T-Mobile US, Inc.",-0.1749,0.37752618629064716,0
ATVI,Communication Services,,,,,,,,,,,,,,,,,,,,,,ATVI,,0.37752618629064716,0
EA,Communication Services,76.4307,22.0883,8.2979,6.99,37.459,0.1003,0.0481,0.7826,0.0857,0.0931,36.443,2241999872.0,0.926,0.84,0.01,-0.685,2.67,9.2388,51069276160.0,0.725,0.37,Electronic Arts Inc.,0.5463,0.37752618629064716,1
CAT,Industrials,40.7038,27.6314,16.7375,5.3097,26.631,0.4353,0.0789,0.2879,0.1603,0.1314,206.67,44058001408.0,1.436,0.871,0.18,-0.114,18.84,27.7532,358874808320.0,1.519,0.83,"Caterpillar, Inc.",1.837,0.37752618629064716,1
DE,Industrials,34.1094,26.0711,6.2145,3.4975,22.733,0.1957,0.0396,0.2625,0.1748,0.103,376.022,48473001984.0,2.253,1.993,-0.111,-0.085,17.74,23.2096,163441917952.0,0.992,1.13,Deere & Company,0.4848,0.37752618629064716,1
UPS,Industrials,15.2896,12.5934,5.2477,0.9612,8.645,0.3377,0.0744,0.226,0.1075,0.0629,175.884,28590000128.0,1.219,1.112,-0.032,0.046,6.56,7.9645,85222195200.0,1.098,6.72,"United Parcel Service, Inc.",0.1657,0.37752618629064716,0
HON,Industrials,33.1794,20.0683,10.5211,3.9093,19.609,0.2614,0.0595,0.3693,0.1541,0.1263,236.613,35562999808.0,1.298,0.878,-0.033,-0.764,6.94,11.4741,146373869568.0,0.915,2.13,Honeywell International Inc.,0.365,0.37752618629064716,0
RTX,Industrials,40.8131,26.9491,4.1731,3.0814,20.365,0.1095,0.0388,0.2008,0.1102,0.076,59.513,39956000768.0,1.026,0.667,0.121,0.083,4.97,7.5268,273018634240.0,0.428,1.37,RTX Corporation,0.7123,0.37752618629064716,1
LMT,Industrials,29.1516,19.534,21.3256,1.922,19.683,0.7687,0.0757,0.1024,0.0901,0.0669,338.804,22770999296.0,1.087,0.901,0.091,1.61,21.47,32.0408,144242786304.0,0.24,2.15,Lockheed Martin Corporation,0.4503,0.37752618629064716,1
GE,Industrials,38.4565,35.9455,17.3831,7.1212,29.195,0.4469,0.0468,0.315,0.1955,0.1898,114.07,21557000192.0,1.041,0.69,0.176,0.374,8.05,8.6123,326544031744.0,1.428,0.65,GE Aerospace,0.8375,0.37752618629064716,1
MMM,Industrials,24.6925,15.7855,16.7086,3.1278,13.509,0.755,0.0758,0.3992,0.1241,0.1303,276.638,13132000256.0,1.708,1.195,0.02,-0.199,6.0,9.3855,78033240064.0,1.158,2.16,3M Company,0.1866,0.37752618629064716,0
FDX,Industrials,19.8068,16.6107,2.9765,0.9634,10.293,0.1587,0.0503,0.2755,0.0694,0.0488,140.994,42021998592.0,1.474,1.158,0.083,0.173,18.74,22.3458,88566054912.0,1.286,1.62,FedEx Corporation,0.9151,0.37752618629064716,1
BA,Industrials,87.9839,46.85,31.4273,1.9167,-59.493,2.9008,-0.02,0.0483,-0.0318,0.025,1032.894,56364998656.0,1.188,0.377,0.571,,2.48,4.6574,171471192064.0,1.128,,Boeing Company (The),0.5654,0.37752618629064716,1
PG,Consumer Staples,21.4074,19.7803,6.4242,3.9667,14.344,0.3156,0.109,0.5119,0.263,0.193,68.719,36638998528.0,0.724,0.466,0.015,-0.054,6.75,7.3052,338200133632.0,0.403,2.99,Procter & Gamble Company (The),-0.0627,0.37752618629064716,0
KO,Consumer Staples,25.2253,22.1994,10.2547,6.8848,22.433,0.4332,0.0915,0.6163,0.2466,0.2734,139.793,47914000384.0,1.459,0.885,0.024,0.036,3.04,3.4544,330063970304.0,0.361,2.71,Coca-Cola Company (The),0.1533,0.37752618629064716,0
PEP,Consumer Staples,25.5366,16.7857,10.281,2.2336,13.922,0.4285,0.0905,0.5446,0.1407,0.0877,258.081,53027999744.0,0.853,0.642,0.056,0.675,6.01,9.1432,209791270912.0,0.41,3.71,"Pepsico, Inc.",0.1377,0.37752618629064716,0
WMT,Consumer Staples,45.9377,38.1797,10.032,1.402,24.418,0.2185,0.0683,0.2493,0.0457,0.0307,64.443,68425998336.0,0.79,0.204,0.056,-0.19,2.73,3.2847,999819051008.0,0.661,0.78,Walmart Inc.,0.547,0.37752618629064716,1
COST,Consumer Staples,53.1694,45.5803,27.4561,1.587,33.252,0.2965,0.0872,0.1293,0.0367,0.0299,60.257,10227999744.0,1.058,0.54,0.215,0.455,19.25,22.4551,454304792576.0,0.978,0.51,Costco Wholesale Corporation,0.1324,0.37752618629064716,0
PM,Consumer Staples,21.8898,17.2758,-24.7539,6.0933,15.589,,0.1596,0.6712,0.3294,0.2792,,49594998784.0,0.958,0.42,0.068,,7.26,9.199,247681630208.0,0.451,3.73,Philip Morris International Inc,0.1027,0.37752618629064716,0
MO,Consumer Staples,15.9248,11.295,-31.3623,5.4468,8.459,,0.2732,0.8734,1.167,0.3449,,25709000704.0,0.648,0.517,-0.005,-0.629,4.12,5.8088,109693239296.0,0.447,6.4,"Altria Group, Inc.",0.2637,0.37752618629064716,0
CL,Consumer Staples,32.384,20.6402,1271.194,3.3526,15.222,4.9747,0.1636,0.6011,0.2038,0.1046,2343.562,8553999872.0,0.833,0.448,0.058,,2.63,4.1264,68332048384.0,0.331,2.55,Colgate-Palmolive Company,-0.0149,0.37752618629064716,0
GIS,Consumer Staples,8.9426,11.1102,3.5325,1.0625,6.797,0.2359,0.0531,0.3314,0.1919,0.1205,217.629,0.0,0.563,0.304,0.022,-0.145,4.09,3.292,19519496192.0,0.0,6.63,"General Mills, Inc.",-0.3227,0.37752618629064716,0
K,Consumer Staples,,,,,,,,,,,,,,,,,,,,,,K,,0.37752618629064716,0
XOM,Energy,22.909,15.9848,2.4729,1.9745,12.293,0.1108,0.049,0.3105,0.0953,0.089,18.936,50487001088.0,1.153,0.764,-0.013,-0.11,6.7,9.6022,639556583424.0,0.288,2.51,Exxon Mobil Corporation,0.5753,0.37752618629064716,1
CVX,Energy,28.6214,18.5937,2.0154,2.0546,11.914,0.0723,0.0379,0.419,0.0946,0.0666,24.323,46742999040.0,1.155,0.724,-0.082,-0.238,6.63,10.2056,379397341184.0,0.587,3.53,Chevron Corporation,0.448,0.37752618629064716,1
COP,Energy,19.5102,17.2132,2.3538,2.5122,7.387,0.1236,0.0642,0.4618,0.163,0.1325,37.828,24394000384.0,1.297,1.069,-0.068,-0.39,6.35,7.1974,151435608064.0,0.192,2.55,ConocoPhillips,0.5501,0.37752618629064716,1
SLB,Energy,22.1106,15.6339,2.9759,2.1844,10.955,0.139,0.0677,0.1869,0.1599,0.0945,45.975,12547000320.0,1.326,0.883,0.05,-0.286,2.35,3.3236,77998882816.0,0.695,2.34,SLB Limited,0.6754,0.37752618629064716,1
EOG,Energy,15.0463,10.6915,2.4731,3.2497,7.089,0.1683,0.082,0.6202,0.1694,0.2198,30.62,9134999552.0,1.632,1.295,0.0,-0.417,9.12,12.8347,73618325504.0,0.333,2.83,"EOG Resources, Inc.",0.3557,0.37752618629064716,0
PSX,Energy,15.4323,11.2136,2.2938,0.5039,13.733,0.1543,0.0375,0.123,0.0275,0.0333,71.38,21585999872.0,1.296,0.817,0.013,2427.284,10.78,14.8355,66707464192.0,0.755,2.91,Phillips 66,0.8571,0.37752618629064716,1
VLO,Energy,31.1651,14.9008,2.9726,0.6085,11.198,0.083,0.0502,0.1319,0.0593,0.0203,43.988,11703000064.0,1.645,1.032,-0.021,3.179,7.57,15.8327,70546268160.0,0.612,1.91,Valero Energy Corporation,1.3091,0.37752618629064716,1
MPC,Energy,17.0796,12.4995,3.914,0.5084,11.593,0.2419,0.0478,0.1031,0.0629,0.0304,142.647,34357999616.0,1.259,0.711,-0.012,3.507,13.45,18.3783,67707711488.0,0.577,1.56,Marathon Petroleum Corporation,0.9783,0.37752618629064716,1
OXY,Energy,43.563,17.8014,2.0899,2.7009,8.202,0.0593,0.0274,0.6982,0.1031,0.1077,63.804,23350999040.0,0.936,0.56,1.489,,1.35,3.3037,58321592320.0,0.23,1.65,Occidental Petroleum Corporatio,0.6633,0.37752618629064716,1
HAL,Energy,24.9267,13.8542,2.9845,1.4116,9.363,0.1227,0.0737,0.157,0.149,0.0578,79.162,8316000256.0,2.04,1.279,0.008,-0.005,1.5,2.6988,31315933184.0,0.693,1.76,Halliburton Company,0.994,0.37752618629064716,1
NEE,Utilities,28.4303,21.4478,3.5787,7.1371,21.321,0.0837,0.0257,0.6227,0.2445,0.2493,146.242,97220001792.0,0.595,0.39,0.207,0.26,3.3,4.3743,195643113472.0,0.733,2.66,"NextEra Energy, Inc.",0.5069,0.37752618629064716,1
DUK,Utilities,20.7274,18.2779,2.0003,3.2017,12.009,0.0972,0.0281,0.519,0.2809,0.1563,171.838,91107000320.0,0.552,0.213,0.08,-0.022,6.31,7.1556,101782953984.0,0.454,3.23,Duke Energy Corporation (Holdin,0.168,0.37752618629064716,0
SO,Utilities,24.5332,19.561,2.9886,3.6684,13.188,0.1104,0.0328,0.4847,0.1273,0.1469,190.586,74074996736.0,0.646,0.338,0.101,-0.221,3.92,4.9164,108412829696.0,0.405,3.06,Southern Company (The),0.1435,0.37752618629064716,0
D,Utilities,18.0692,16.4208,1.9619,3.3389,13.6,0.0974,0.0311,0.4902,0.2204,0.1816,150.094,50156998656.0,0.773,0.352,0.204,3.655,3.47,3.8183,55111090176.0,0.658,4.26,"Dominion Energy, Inc.",0.3208,0.37752618629064716,0
AEP,Utilities,20.1608,19.5693,2.3323,3.3363,13.648,0.1249,0.0317,0.4752,0.2284,0.1636,154.237,49692000256.0,0.455,0.253,0.132,-0.126,6.66,6.8613,72984592384.0,0.57,2.86,American Electric Power Company,0.37,0.37752618629064716,0
EXC,Utilities,17.9689,16.1001,1.7419,2.0691,12.257,0.0994,0.0284,0.4293,0.2162,0.1141,174.488,50248998912.0,0.924,0.607,-0.011,-0.093,2.73,3.0469,50191855616.0,0.505,3.43,Exelon Corporation,0.1417,0.37752618629064716,0
SRE,Utilities,35.5273,17.6699,2.0185,4.6585,19.945,0.0519,0.0177,0.4118,0.2774,0.134,83.385,35021000704.0,1.591,0.092,-0.002,-0.482,2.75,5.5292,63830589440.0,0.677,2.67,DBA Sempra,0.5785,0.37752618629064716,1
XEL,Utilities,23.6199,17.8656,2.1337,3.4356,14.389,0.0936,0.0239,0.4574,0.1668,0.1376,152.832,36081999872.0,0.707,0.379,0.141,0.208,3.42,4.5216,50396766208.0,0.44,2.94,Xcel Energy Inc.,0.2431,0.37752618629064716,0
ED,Utilities,19.9486,17.36,1.6796,2.4028,11.308,0.0877,0.0319,0.5325,0.178,0.1196,117.317,28379000832.0,1.021,0.83,0.089,-0.083,5.64,6.481,40650166272.0,0.335,3.0,"Consolidated Edison, Inc.",0.0963,0.37752618629064716,0
WEC,Utilities,24.1403,19.3225,2.7759,3.859,15.738,0.1158,0.0302,0.4238,0.2131,0.1589,159.331,22390499328.0,0.587,0.374,0.111,-0.325,4.81,6.0093,37818609664.0,0.525,3.26,"WEC Energy Group, Inc.",0.166,0.37752618629064716,0
PLD,Real Estate,38.6124,41.7749,2.404,13.9399,25.298,0.0613,0.0246,0.7569,0.4133,0.3621,61.78,35680534528.0,0.598,0.458,0.04,0.063,3.56,3.2905,128144433152.0,1.412,3.21,"Prologis, Inc.",0.5846,0.37752618629064716,1
AMT,Real Estate,32.5241,25.3339,22.4218,7.7242,19.012,0.2628,0.049,0.7418,0.4494,0.2376,434.211,44963901440.0,0.397,0.342,0.075,-0.332,5.4,6.9326,82220597248.0,0.93,3.96,American Tower Corporation (REI,-0.1117,0.37752618629064716,0
EQIX,Real Estate,73.9826,59.229,7.0843,10.8737,29.468,0.0972,0.0333,0.5132,0.2154,0.1458,160.291,22726000640.0,1.316,0.809,0.081,,13.8,17.2375,100690640896.0,0.998,1.91,"Equinix, Inc.",0.4119,0.37752618629064716,1
CCI,Real Estate,33.4564,28.7533,-22.4288,8.6281,23.953,,0.0406,0.7409,0.4921,0.1041,,29565999104.0,0.255,0.098,-0.043,,2.52,2.9322,36790132736.0,0.964,5.01,Crown Castle Inc.,-0.069,0.37752618629064716,0
SPG,Real Estate,13.6749,28.0521,12.2033,11.5972,19.526,1.0411,0.0544,0.819,0.4972,0.7271,435.463,29199513600.0,0.236,0.184,0.132,3.581,14.18,6.9125,73810518016.0,1.403,4.54,"Simon Property Group, Inc.",0.4502,0.37752618629064716,1
O,Real Estate,53.6197,35.733,1.4857,10.151,17.163,0.027,0.0227,0.9256,0.4698,0.1837,73.505,29492946944.0,1.245,0.774,0.11,0.412,1.17,1.7557,58497290240.0,0.796,5.2,Realty Income Corporation,0.2684,0.37752618629064716,0
PSA,Real Estate,32.0565,27.6011,10.3601,10.5008,18.607,0.1876,0.0705,0.7472,0.4621,0.3691,109.763,10253881344.0,0.261,0.181,0.033,-0.193,9.02,10.476,50758045696.0,0.999,4.3,Public Storage,0.1315,0.37752618629064716,0
WELL,Real Estate,145.0709,62.1733,3.3817,13.1689,59.323,0.0254,0.0056,0.4022,-0.282,0.0864,49.488,21380294656.0,1.697,1.136,0.413,-0.263,1.41,3.29,142725283840.0,0.821,1.47,Welltower Inc.,0.5235,0.37752618629064716,1
AVB,Real Estate,22.7655,33.7209,2.03,7.7598,17.868,0.0889,0.027,0.6314,0.3064,0.3457,80.256,9497797632.0,0.406,0.08,0.037,-0.409,7.4,4.9959,23599161344.0,0.763,4.24,"AvalonBay Communities, Inc.",-0.0651,0.37752618629064716,0
EQR,Real Estate,20.6344,40.3181,2.079,7.6889,16.758,0.1002,0.0261,0.6288,0.2851,0.362,74.323,8479584768.0,0.107,0.045,0.02,-0.088,2.94,1.5047,23789086720.0,0.744,4.67,Equity Residential,0.0253,0.37752618629064716,0
LIN,Materials,33.8988,25.4441,6.0128,6.7621,19.014,0.1782,0.0717,0.4884,0.2817,0.203,70.63,28068999168.0,0.877,0.692,0.058,-0.094,14.63,19.4913,229815697408.0,0.79,1.29,Linde plc,0.216,0.37752618629064716,0
APD,Materials,,20.7476,4.2077,5.3117,99.657,-0.0167,-0.0111,0.3163,0.2428,-0.0273,101.991,18192300032.0,1.459,1.008,0.058,0.097,-1.46,14.0373,64846331904.0,0.808,2.46,"Air Products and Chemicals, Inc",0.2034,0.37752618629064716,0
SHW,Materials,32.6991,25.0145,17.9862,3.5296,20.329,0.5939,0.0961,0.4885,0.1416,0.109,306.061,14073600000.0,0.868,0.444,0.056,0.014,10.27,13.425,83207725056.0,1.269,1.02,Sherwin-Williams Company (The),0.0807,0.37752618629064716,0
FCX,Materials,43.1546,17.4428,4.984,3.6378,11.632,0.1395,0.0719,0.3706,0.144,0.0851,34.103,10492000256.0,2.291,0.912,-0.015,0.477,1.52,3.7606,94273241088.0,1.473,0.99,"Freeport-McMoRan, Inc.",1.277,0.37752618629064716,1
NEM,Materials,18.5673,10.989,3.8134,5.6937,8.837,0.2234,0.1213,0.6324,0.5811,0.3125,16.738,5697999872.0,2.287,1.748,0.206,-0.046,6.39,10.7967,129070825472.0,0.475,0.91,Newmont Corporation,1.6732,0.37752618629064716,1
NUE,Materials,24.0718,13.2734,1.974,1.2689,10.921,0.0936,0.0481,0.1203,0.0687,0.0537,32.765,7248999936.0,2.938,1.47,0.086,0.342,7.52,13.6378,41231761408.0,1.745,1.29,Nucor Corporation,0.7724,0.37752618629064716,1
DOW,Materials,,31.1725,1.701,0.6836,17.225,-0.1382,-0.0007,0.0623,-0.0314,-0.0656,111.871,19601999872.0,1.967,1.023,-0.091,,-3.7,1.2179,27320350720.0,0.495,4.31,Dow Inc.,0.5705,0.37752618629064716,1
PPG,Materials,15.8887,12.7253,3.0935,1.55,10.818,0.2108,0.0639,0.4163,0.1111,0.0993,97.592,7902000128.0,1.624,1.134,0.05,,6.92,8.6403,24606660608.0,1.155,2.78,"PPG Industries, Inc.",0.2312,0.37752618629064716,0
VMC,Materials,35.941,26.9725,4.4819,4.8107,17.766,0.1297,0.0578,0.2738,0.1754,0.1356,57.785,4940000256.0,2.686,1.121,0.032,-0.138,8.14,10.8466,38202597376.0,1.095,0.75,Vulcan Materials Company (Holdi,0.3009,0.37752618629064716,0
MLM,Materials,38.1064,26.334,3.7456,6.1101,19.817,0.1016,0.0499,0.308,0.2309,0.1849,59.866,6007000064.0,3.568,0.883,0.086,-0.041,16.35,23.6591,37576818688.0,1.188,0.56,"Martin Marietta Materials, Inc.",0.3842,0.37752618629064716,1
